home_team,away_team,home_team_code,away_team_code,year,date,date_time,group_name,round,match_attendance,stadium_id,stadium_country_code,stadium_capacity,stadium_latitude,stadium_longitude,stadium_city,stadium_name,stadium_name_official,stadium_name_event,stadium_percentage_filled
France,Spain,FRA,ESP,1984,1984-06-27,1984-06-27T18:00:00Z,,FINAL,47368.0,57779,FRA,47926.0,48.8414333,2.2530333,Paris,Parc des Princes,Parc des Princes,Parc des Princes,98.83570504527813
Denmark,Spain,DEN,ESP,1984,1984-06-24,1984-06-24T18:00:00Z,,SEMIFINAL,47843.0,62102,FRA,41069.0,45.7237278,4.8322306,Lyon,Stade de Gerland,Stade de Gerland,Stade de Gerland,116.4941927000901
France,Portugal,FRA,POR,1984,1984-06-23,1984-06-23T18:00:00Z,,SEMIFINAL,54848.0,62337,FRA,66534.0,43.26983,5.396,Marseille,Stade de Marseille,Stade de Marseille,Stade de Marseille,82.43604773499264
Portugal,Romania,POR,ROU,1984,1984-06-20,1984-06-20T18:30:00Z,Group 2,GROUP_STANDINGS,24464.0,63199,FRA,35291.0,47.2560056,-1.5247083,Nantes,Stade de la Beaujoire,Stade de la Beaujoire,Stade de la Beaujoire,69.32079000311694
West Germany,Spain,FRG,ESP,1984,1984-06-20,1984-06-20T18:30:00Z,Group 2,GROUP_STANDINGS,47691.0,57779,FRA,47926.0,48.8414333,2.2530333,Paris,Parc des Princes,Parc des Princes,Parc des Princes,99.50966072695405
Denmark,Belgium,DEN,BEL,1984,1984-06-19,1984-06-19T18:30:00Z,Group 1,GROUP_STANDINGS,36911.0,63208,FRA,24077.0,48.5601722,7.7548417,Strasbourg,Stade de La Meinau,Stade de La Meinau,Stade de La Meinau,153.30398305436722
France,Yugoslavia,FRA,YUG,1984,1984-06-19,1984-06-19T18:30:00Z,Group 1,GROUP_STANDINGS,47510.0,63194,FRA,42000.0,45.4608556,4.390125,Saint-Etienne,Stade Geoffroy Guichard,Stade Geoffroy Guichard,Stade Geoffroy Guichard,113.1190476190476
Portugal,Spain,POR,ESP,1984,1984-06-17,1984-06-17T18:30:00Z,Group 2,GROUP_STANDINGS,24364.0,62337,FRA,66534.0,43.26983,5.396,Marseille,Stade de Marseille,Stade de Marseille,Stade de Marseille,36.618871554393245
West Germany,Romania,FRG,ROU,1984,1984-06-17,1984-06-17T15:15:00Z,Group 2,GROUP_STANDINGS,31787.0,63207,FRA,38223.0,50.4328336,2.815,Lens Agglo,Stade Bollaert-Delelis,Stade Bollaert-Delelis,Stade Bollaert-Delelis,83.16197054129712
Denmark,Yugoslavia,DEN,YUG,1984,1984-06-16,1984-06-16T18:30:00Z,Group 1,GROUP_STANDINGS,34736.0,62102,FRA,41069.0,45.7237278,4.8322306,Lyon,Stade de Gerland,Stade de Gerland,Stade de Gerland,84.57960992476077
France,Belgium,FRA,BEL,1984,1984-06-16,1984-06-16T15:15:00Z,Group 1,GROUP_STANDINGS,51359.0,63199,FRA,35291.0,47.2560056,-1.5247083,Nantes,Stade de la Beaujoire,Stade de la Beaujoire,Stade de la Beaujoire,145.53002181859398
Romania,Spain,ROU,ESP,1984,1984-06-14,1984-06-14T18:30:00Z,Group 2,GROUP_STANDINGS,16972.0,63194,FRA,42000.0,45.4608556,4.390125,Saint-Etienne,Stade Geoffroy Guichard,Stade Geoffroy Guichard,Stade Geoffroy Guichard,40.40952380952381
West Germany,Portugal,FRG,POR,1984,1984-06-14,1984-06-14T15:15:00Z,Group 2,GROUP_STANDINGS,44707.0,63208,FRA,24077.0,48.5601722,7.7548417,Strasbourg,Stade de La Meinau,Stade de La Meinau,Stade de La Meinau,185.6834323213025
Belgium,Yugoslavia,BEL,YUG,1984,1984-06-13,1984-06-13T18:30:00Z,Group 1,GROUP_STANDINGS,41525.0,63207,FRA,38223.0,50.4328336,2.815,Lens Agglo,Stade Bollaert-Delelis,Stade Bollaert-Delelis,Stade Bollaert-Delelis,108.638777699291
France,Denmark,FRA,DEN,1984,1984-06-12,1984-06-12T18:30:00Z,Group 1,GROUP_STANDINGS,47570.0,57779,FRA,47926.0,48.8414333,2.2530333,Paris,Parc des Princes,Parc des Princes,Parc des Princes,99.25718816508784
Denmark,Germany,DEN,GER,1992,1992-06-26,1992-06-26T18:15:00Z,,FINAL,37800.0,62420,SWE,39705.0,57.7059583,11.9872333,Gothenburg,Ullevi,Ullevi,Ullevi,95.20211560256895
Netherlands,Denmark,NED,DEN,1992,1992-06-22,1992-06-22T18:15:00Z,,SEMIFINAL,37450.0,62420,SWE,39705.0,57.7059583,11.9872333,Gothenburg,Ullevi,Ullevi,Ullevi,94.32061453217479
Sweden,Germany,SWE,GER,1992,1992-06-21,1992-06-21T18:15:00Z,,SEMIFINAL,27827.0,57672,SWE,35572.0,59.3627111,17.9962972,Solna,Råsunda,Råsunda,Råsunda,78.22725739345553
Scotland,Commonwealth of Independent States,SCO,CIS,1992,1992-06-18,1992-06-18T18:15:00Z,Group 2,GROUP_STANDINGS,14660.0,63092,SWE,10227.0,58.584325,16.1730389,Norrkoping,NYA Parken,NYA Parken,NYA Parken,143.34604478341643
Netherlands,Germany,NED,GER,1992,1992-06-18,1992-06-18T18:15:00Z,Group 2,GROUP_STANDINGS,37725.0,62420,SWE,39705.0,57.7059583,11.9872333,Gothenburg,Ullevi,Ullevi,Ullevi,95.01322251605592
France,Denmark,FRA,DEN,1992,1992-06-17,1992-06-17T18:15:00Z,Group 1,GROUP_STANDINGS,25763.0,53480,SWE,1541.0,55.5948906,12.9956894,Malmö,Malmö Idrottsplats,Malmö Idrottsplats,Malmö Idrottsplats,1671.8364698247892
Sweden,England,SWE,ENG,1992,1992-06-17,1992-06-17T18:15:00Z,Group 1,GROUP_STANDINGS,30126.0,57672,SWE,35572.0,59.3627111,17.9962972,Solna,Råsunda,Råsunda,Råsunda,84.69020577982683
Netherlands,Commonwealth of Independent States,NED,CIS,1992,1992-06-15,1992-06-15T18:15:00Z,Group 2,GROUP_STANDINGS,34440.0,62420,SWE,39705.0,57.7059583,11.9872333,Gothenburg,Ullevi,Ullevi,Ullevi,86.73970532678504
Scotland,Germany,SCO,GER,1992,1992-06-15,1992-06-15T15:15:00Z,Group 2,GROUP_STANDINGS,17800.0,63092,SWE,10227.0,58.584325,16.1730389,Norrkoping,NYA Parken,NYA Parken,NYA Parken,174.04908575339786
Sweden,Denmark,SWE,DEN,1992,1992-06-14,1992-06-14T18:15:00Z,Group 1,GROUP_STANDINGS,29902.0,57672,SWE,35572.0,59.3627111,17.9962972,Solna,Råsunda,Råsunda,Råsunda,84.0604970201282
France,England,FRA,ENG,1992,1992-06-14,1992-06-14T15:15:00Z,Group 1,GROUP_STANDINGS,26535.0,53480,SWE,1541.0,55.5948906,12.9956894,Malmö,Malmö Idrottsplats,Malmö Idrottsplats,Malmö Idrottsplats,1721.9338092147957
Commonwealth of Independent States,Germany,CIS,GER,1992,1992-06-12,1992-06-12T18:15:00Z,Group 2,GROUP_STANDINGS,17700.0,63092,SWE,10227.0,58.584325,16.1730389,Norrkoping,NYA Parken,NYA Parken,NYA Parken,173.0712819008507
Netherlands,Scotland,NED,SCO,1992,1992-06-12,1992-06-12T15:15:00Z,Group 2,GROUP_STANDINGS,35720.0,62420,SWE,39705.0,57.7059583,11.9872333,Gothenburg,Ullevi,Ullevi,Ullevi,89.96348066994081
Denmark,England,DEN,ENG,1992,1992-06-11,1992-06-11T18:15:00Z,Group 1,GROUP_STANDINGS,26385.0,53480,SWE,1541.0,55.5948906,12.9956894,Malmö,Malmö Idrottsplats,Malmö Idrottsplats,Malmö Idrottsplats,1712.1998702141468
Sweden,France,SWE,FRA,1992,1992-06-10,1992-06-10T18:15:00Z,Group 1,GROUP_STANDINGS,30000.0,57672,SWE,35572.0,59.3627111,17.9962972,Solna,Råsunda,Råsunda,Råsunda,84.33599460249634
Czechia,Germany,CZE,GER,1996,1996-06-30,1996-06-30T18:00:00Z,,FINAL,73611.0,53105,ENG,78311.0,51.5559,-0.2797722,London,Wembley (old),Wembley (old),Wembley (old),93.99828887384915
Germany,England,GER,ENG,1996,1996-06-26,1996-06-26T18:30:00Z,,SEMIFINAL,75862.0,53105,ENG,78311.0,51.5559,-0.2797722,London,Wembley (old),Wembley (old),Wembley (old),96.87272541533119
France,Czechia,FRA,CZE,1996,1996-06-26,1996-06-26T15:00:00Z,,SEMIFINAL,43877.0,53106,ENG,73924.0,53.4630583,-2.2913417,Manchester,Old Trafford,Old Trafford,Old Trafford,59.35420161246686
Czechia,Portugal,CZE,POR,1996,1996-06-23,1996-06-23T17:30:00Z,,QUARTER_FINALS,26832.0,53108,ENG,42788.0,52.5091278,-1.8848306,Birmingham,Villa Park,Villa Park,Villa Park,62.70917079555015
Germany,Croatia,GER,CRO,1996,1996-06-23,1996-06-23T14:00:00Z,,QUARTER_FINALS,43412.0,53106,ENG,73924.0,53.4630583,-2.2913417,Manchester,Old Trafford,Old Trafford,Old Trafford,58.72517720902548
France,Netherlands,FRA,NED,1996,1996-06-22,1996-06-22T17:30:00Z,,QUARTER_FINALS,37465.0,53109,ENG,54022.0,53.4308,-2.9608472,Liverpool,Anfield,Anfield,Anfield,69.35137536559179
Spain,England,ESP,ENG,1996,1996-06-22,1996-06-22T14:00:00Z,,QUARTER_FINALS,75440.0,53105,ENG,78311.0,51.5559,-0.2797722,London,Wembley (old),Wembley (old),Wembley (old),96.33384837379168
Italy,Germany,ITA,GER,1996,1996-06-19,1996-06-19T18:30:00Z,Group C,GROUP_STANDINGS,53740.0,53106,ENG,73924.0,53.4630583,-2.2913417,Manchester,Old Trafford,Old Trafford,Old Trafford,72.69628266868676
Russia,Czechia,RUS,CZE,1996,1996-06-19,1996-06-19T18:30:00Z,Group C,GROUP_STANDINGS,21128.0,53109,ENG,54022.0,53.4308,-2.9608472,Liverpool,Anfield,Anfield,Anfield,39.109992225389654
Türkiye,Denmark,TUR,DEN,1996,1996-06-19,1996-06-19T15:30:00Z,Group D,GROUP_STANDINGS,28951.0,62409,ENG,39814.0,53.4114056,-1.5006167,Sheffield,Hillsborough,Hillsborough,Hillsborough,72.71562766865927
Croatia,Portugal,CRO,POR,1996,1996-06-19,1996-06-19T15:30:00Z,Group D,GROUP_STANDINGS,20484.0,63330,ENG,30000.0,52.9399306,-1.1328944,Nottingham,City Ground,City Ground,City Ground,68.28
Netherlands,England,NED,ENG,1996,1996-06-18,1996-06-18T18:30:00Z,Group A,GROUP_STANDINGS,76798.0,53105,ENG,78311.0,51.5559,-0.2797722,London,Wembley (old),Wembley (old),Wembley (old),98.06795980130505
Scotland,Switzerland,SCO,SUI,1996,1996-06-18,1996-06-18T18:30:00Z,Group A,GROUP_STANDINGS,34926.0,53108,ENG,42788.0,52.5091278,-1.8848306,Birmingham,Villa Park,Villa Park,Villa Park,81.62568944563895
Romania,Spain,ROU,ESP,1996,1996-06-18,1996-06-18T15:30:00Z,Group B,GROUP_STANDINGS,32719.0,62097,ENG,37792.0,53.7778028,-1.5722111,Leeds,Elland Road,Elland Road,Elland Road,86.57652413209145
France,Bulgaria,FRA,BUL,1996,1996-06-18,1996-06-18T15:30:00Z,Group B,GROUP_STANDINGS,26976.0,62098,ENG,52258.0,54.9755444,-1.6216361,Newcastle,St James' Park,St James' Park,St James' Park,51.62080447012898
Croatia,Denmark,CRO,DEN,1996,1996-06-16,1996-06-16T17:00:00Z,Group D,GROUP_STANDINGS,33671.0,62409,ENG,39814.0,53.4114056,-1.5006167,Sheffield,Hillsborough,Hillsborough,Hillsborough,84.5707540061285
Russia,Germany,RUS,GER,1996,1996-06-16,1996-06-16T14:00:00Z,Group C,GROUP_STANDINGS,50760.0,53106,ENG,73924.0,53.4630583,-2.2913417,Manchester,Old Trafford,Old Trafford,Old Trafford,68.66511552405173
France,Spain,FRA,ESP,1996,1996-06-15,1996-06-15T17:00:00Z,Group B,GROUP_STANDINGS,35626.0,62097,ENG,37792.0,53.7778028,-1.5722111,Leeds,Elland Road,Elland Road,Elland Road,94.2686282811177
Scotland,England,SCO,ENG,1996,1996-06-15,1996-06-15T14:00:00Z,Group A,GROUP_STANDINGS,76864.0,53105,ENG,78311.0,51.5559,-0.2797722,London,Wembley (old),Wembley (old),Wembley (old),98.15223914903399
Czechia,Italy,CZE,ITA,1996,1996-06-14,1996-06-14T18:30:00Z,Group C,GROUP_STANDINGS,37320.0,53109,ENG,54022.0,53.4308,-2.9608472,Liverpool,Anfield,Anfield,Anfield,69.08296619895599
Portugal,Türkiye,POR,TUR,1996,1996-06-14,1996-06-14T15:30:00Z,Group D,GROUP_STANDINGS,22670.0,63330,ENG,30000.0,52.9399306,-1.1328944,Nottingham,City Ground,City Ground,City Ground,75.56666666666668
Switzerland,Netherlands,SUI,NED,1996,1996-06-13,1996-06-13T18:30:00Z,Group A,GROUP_STANDINGS,36800.0,53108,ENG,42788.0,52.5091278,-1.8848306,Birmingham,Villa Park,Villa Park,Villa Park,86.00542208095727
Bulgaria,Romania,BUL,ROU,1996,1996-06-13,1996-06-13T15:30:00Z,Group B,GROUP_STANDINGS,19107.0,62098,ENG,52258.0,54.9755444,-1.6216361,Newcastle,St James' Park,St James' Park,St James' Park,36.56282291706533
Türkiye,Croatia,TUR,CRO,1996,1996-06-11,1996-06-11T18:30:00Z,Group D,GROUP_STANDINGS,22460.0,63330,ENG,30000.0,52.9399306,-1.1328944,Nottingham,City Ground,City Ground,City Ground,74.86666666666667
Italy,Russia,ITA,RUS,1996,1996-06-11,1996-06-11T15:30:00Z,Group C,GROUP_STANDINGS,35120.0,53109,ENG,54022.0,53.4308,-2.9608472,Liverpool,Anfield,Anfield,Anfield,65.01055125689534
Romania,France,ROU,FRA,1996,1996-06-10,1996-06-10T18:30:00Z,Group B,GROUP_STANDINGS,26323.0,62098,ENG,52258.0,54.9755444,-1.6216361,Newcastle,St James' Park,St James' Park,St James' Park,50.37123502621608
Netherlands,Scotland,NED,SCO,1996,1996-06-10,1996-06-10T15:30:00Z,Group A,GROUP_STANDINGS,34363.0,53108,ENG,42788.0,52.5091278,-1.8848306,Birmingham,Villa Park,Villa Park,Villa Park,80.30989997195476
Denmark,Portugal,DEN,POR,1996,1996-06-09,1996-06-09T18:30:00Z,Group D,GROUP_STANDINGS,34993.0,62409,ENG,39814.0,53.4114056,-1.5006167,Sheffield,Hillsborough,Hillsborough,Hillsborough,87.89119405234341
Germany,Czechia,GER,CZE,1996,1996-06-09,1996-06-09T16:00:00Z,Group C,GROUP_STANDINGS,37300.0,53106,ENG,73924.0,53.4630583,-2.2913417,Manchester,Old Trafford,Old Trafford,Old Trafford,50.45722634056599
Spain,Bulgaria,ESP,BUL,1996,1996-06-09,1996-06-09T13:30:00Z,Group B,GROUP_STANDINGS,24006.0,62097,ENG,37792.0,53.7778028,-1.5722111,Leeds,Elland Road,Elland Road,Elland Road,63.52138018628282
England,Switzerland,ENG,SUI,1996,1996-06-08,1996-06-08T14:00:00Z,Group A,GROUP_STANDINGS,76567.0,53105,ENG,78311.0,51.5559,-0.2797722,London,Wembley (old),Wembley (old),Wembley (old),97.77298208425381
Italy,Yugoslavia,ITA,YUG,1968,1968-06-10,1968-06-10T20:15:00Z,,FINAL,32886.0,57775,ITA,69689.0,41.9339222,12.4546833,Rome,Stadio Olimpico,Stadio Olimpico,Olimpico in Rome,47.18965690424601
Italy,Yugoslavia,ITA,YUG,1968,1968-06-08,1968-06-08T21:15:00Z,,FINAL,68817.0,57775,ITA,69689.0,41.9339222,12.4546833,Rome,Stadio Olimpico,Stadio Olimpico,Olimpico in Rome,98.74872648481109
England,USSR,ENG,URS,1968,1968-06-08,1968-06-08T14:00:00Z,,THIRD_PLAY_OFF,68817.0,57775,ITA,69689.0,41.9339222,12.4546833,Rome,Stadio Olimpico,Stadio Olimpico,Olimpico in Rome,98.74872648481109
Yugoslavia,England,YUG,ENG,1968,1968-06-05,1968-06-05T20:15:00Z,,SEMIFINAL,21834.0,62991,ITA,34629.0,43.7817444,11.2827444,Florence,Stadio Artemio Franchi,Stadio Artemio Franchi,Stadio Artemio Franchi,63.05119986138785
Italy,USSR,ITA,URS,1968,1968-06-05,1968-06-05T17:00:00Z,,SEMIFINAL,68582.0,62425,ITA,54726.0,40.8280889,14.1928694,Naples,Stadio Diego Armando Maradona,Stadio Diego Armando Maradona,Stadio Diego Armando Maradona,125.3188612359756
Belgium,West Germany,BEL,FRG,1980,1980-06-22,1980-06-22T18:30:00Z,,FINAL,47860.0,57775,ITA,69689.0,41.9339222,12.4546833,Rome,Stadio Olimpico,Stadio Olimpico,Olimpico in Rome,68.67654866621706
Czechoslovakia,Italy,TCH,ITA,1980,1980-06-21,1980-06-21T18:30:00Z,,THIRD_PLAY_OFF,24652.0,62425,ITA,54726.0,40.8280889,14.1928694,Naples,Stadio Diego Armando Maradona,Stadio Diego Armando Maradona,Stadio Diego Armando Maradona,45.04623031100391
Italy,Belgium,ITA,BEL,1980,1980-06-18,1980-06-18T18:30:00Z,Group 2,GROUP_STANDINGS,42318.0,57775,ITA,69689.0,41.9339222,12.4546833,Rome,Stadio Olimpico,Stadio Olimpico,Olimpico in Rome,60.724074100647165
Spain,England,ESP,ENG,1980,1980-06-18,1980-06-18T15:45:00Z,Group 2,GROUP_STANDINGS,14440.0,62425,ITA,54726.0,40.8280889,14.1928694,Naples,Stadio Diego Armando Maradona,Stadio Diego Armando Maradona,Stadio Diego Armando Maradona,26.385995687607355
Greece,West Germany,GRE,FRG,1980,1980-06-17,1980-06-17T18:30:00Z,Group 1,GROUP_STANDINGS,13901.0,57778,ITA,66979.0,45.1095472,7.6412806,Turin,Delle Alpi,Delle Alpi,Delle Alpi,20.754266262559906
Netherlands,Czechoslovakia,NED,TCH,1980,1980-06-17,1980-06-17T15:45:00Z,Group 1,GROUP_STANDINGS,11889.0,57771,ITA,75725.0,45.4797849,9.1246561,Milan,Stadio San Siro,Stadio San Siro,Stadio San Siro,15.70023109937273
England,Italy,ENG,ITA,1980,1980-06-15,1980-06-15T18:30:00Z,Group 2,GROUP_STANDINGS,59649.0,57778,ITA,66979.0,45.1095472,7.6412806,Turin,Delle Alpi,Delle Alpi,Delle Alpi,89.05627136863792
Belgium,Spain,BEL,ESP,1980,1980-06-15,1980-06-15T15:45:00Z,Group 2,GROUP_STANDINGS,11430.0,57771,ITA,75725.0,45.4797849,9.1246561,Milan,Stadio San Siro,Stadio San Siro,Stadio San Siro,15.094090458897325
Greece,Czechoslovakia,GRE,TCH,1980,1980-06-14,1980-06-14T18:30:00Z,Group 1,GROUP_STANDINGS,7614.0,57775,ITA,69689.0,41.9339222,12.4546833,Rome,Stadio Olimpico,Stadio Olimpico,Olimpico in Rome,10.925684110835283
West Germany,Netherlands,FRG,NED,1980,1980-06-14,1980-06-14T15:45:00Z,Group 1,GROUP_STANDINGS,29889.0,62425,ITA,54726.0,40.8280889,14.1928694,Naples,Stadio Diego Armando Maradona,Stadio Diego Armando Maradona,Stadio Diego Armando Maradona,54.61572196031137
Spain,Italy,ESP,ITA,1980,1980-06-12,1980-06-12T18:30:00Z,Group 2,GROUP_STANDINGS,46337.0,57771,ITA,75725.0,45.4797849,9.1246561,Milan,Stadio San Siro,Stadio San Siro,Stadio San Siro,61.19115219544404
Belgium,England,BEL,ENG,1980,1980-06-12,1980-06-12T15:45:00Z,Group 2,GROUP_STANDINGS,15186.0,57778,ITA,66979.0,45.1095472,7.6412806,Turin,Delle Alpi,Delle Alpi,Delle Alpi,22.672778034906464
Netherlands,Greece,NED,GRE,1980,1980-06-11,1980-06-11T18:30:00Z,Group 1,GROUP_STANDINGS,14990.0,62425,ITA,54726.0,40.8280889,14.1928694,Naples,Stadio Diego Armando Maradona,Stadio Diego Armando Maradona,Stadio Diego Armando Maradona,27.391002448561924
Czechoslovakia,West Germany,TCH,FRG,1980,1980-06-11,1980-06-11T15:45:00Z,Group 1,GROUP_STANDINGS,10500.0,57775,ITA,69689.0,41.9339222,12.4546833,Rome,Stadio Olimpico,Stadio Olimpico,Olimpico in Rome,15.066940263169224
Germany,Spain,GER,ESP,2008,2008-06-29,2008-06-29T18:45:00Z,,FINAL,51428.0,62085,AUT,49898.0,48.2071889,16.4205083,Vienna,Ernst-Happel-Stadion,Ernst-Happel-Stadion,Ernst-Happel-Stadion,103.06625516052748
Russia,Spain,RUS,ESP,2008,2008-06-26,2008-06-26T18:45:00Z,,SEMIFINAL,51428.0,62085,AUT,49898.0,48.2071889,16.4205083,Vienna,Ernst-Happel-Stadion,Ernst-Happel-Stadion,Ernst-Happel-Stadion,103.06625516052748
Germany,Türkiye,GER,TUR,2008,2008-06-25,2008-06-25T18:45:00Z,,SEMIFINAL,39374.0,63171,SUI,36000.0,47.5416361,7.620125,Basel,St. Jakob-Park,St. Jakob-Park,St. Jakob-Park,109.37222222222222
Spain,Italy,ESP,ITA,2008,2008-06-22,2008-06-22T18:45:00Z,,QUARTER_FINALS,51178.0,62085,AUT,49898.0,48.2071889,16.4205083,Vienna,Ernst-Happel-Stadion,Ernst-Happel-Stadion,Ernst-Happel-Stadion,102.56523307547396
Netherlands,Russia,NED,RUS,2008,2008-06-21,2008-06-21T18:45:00Z,,QUARTER_FINALS,38374.0,63171,SUI,36000.0,47.5416361,7.620125,Basel,St. Jakob-Park,St. Jakob-Park,St. Jakob-Park,106.59444444444443
Croatia,Türkiye,CRO,TUR,2008,2008-06-20,2008-06-20T18:45:00Z,,QUARTER_FINALS,51428.0,62085,AUT,49898.0,48.2071889,16.4205083,Vienna,Ernst-Happel-Stadion,Ernst-Happel-Stadion,Ernst-Happel-Stadion,103.06625516052748
Portugal,Germany,POR,GER,2008,2008-06-19,2008-06-19T18:45:00Z,,QUARTER_FINALS,39374.0,63171,SUI,36000.0,47.5416361,7.620125,Basel,St. Jakob-Park,St. Jakob-Park,St. Jakob-Park,109.37222222222222
Russia,Sweden,RUS,SWE,2008,2008-06-18,2008-06-18T18:45:00Z,Group D,GROUP_STANDINGS,30772.0,77473,AUT,14932.0,47.2560139,11.4111694,Innsbruck,Tivoli Stadion Tirol,Tivoli Stadion Tirol,Tivoli Stadion Tirol,206.08090008036433
Greece,Spain,GRE,ESP,2008,2008-06-18,2008-06-18T18:45:00Z,Group D,GROUP_STANDINGS,30883.0,83487,AUT,30071.0,47.8162861,12.9981972,Salzburg,Stadion Salzburg,Stadion Salzburg,Stadion Salzburg,102.70027601343487
France,Italy,FRA,ITA,2008,2008-06-17,2008-06-17T18:45:00Z,Group C,GROUP_STANDINGS,30585.0,63175,SUI,24056.0,47.3828028,8.5037194,Zurich,Stadion Letzigrund,Stadion Letzigrund,Stadion Letzigrund,127.14083804456268
Netherlands,Romania,NED,ROU,2008,2008-06-17,2008-06-17T18:45:00Z,Group C,GROUP_STANDINGS,30777.0,89590,SUI,31500.0,46.9631194,7.464875,Bern,Stadion Wankdorf,Stadion Wankdorf,Stadion Wankdorf,97.70476190476191
Austria,Germany,AUT,GER,2008,2008-06-16,2008-06-16T18:45:00Z,Group B,GROUP_STANDINGS,51428.0,62085,AUT,49898.0,48.2071889,16.4205083,Vienna,Ernst-Happel-Stadion,Ernst-Happel-Stadion,Ernst-Happel-Stadion,103.06625516052748
Poland,Croatia,POL,CRO,2008,2008-06-16,2008-06-16T18:45:00Z,Group B,GROUP_STANDINGS,30461.0,80676,AUT,29863.0,46.608945,14.277495,Klagenfurt,Wörthersee Stadion,Wörthersee Stadion,Wörthersee Stadion,102.00247798278808
Türkiye,Czechia,TUR,CZE,2008,2008-06-15,2008-06-15T18:45:00Z,Group A,GROUP_STANDINGS,29016.0,83180,SUI,26000.0,46.1779972,6.1272833,Geneva,Stade de Genève,Stade de Genève,Stade de Genève,111.60000000000001
Switzerland,Portugal,SUI,POR,2008,2008-06-15,2008-06-15T18:45:00Z,Group A,GROUP_STANDINGS,39730.0,63171,SUI,36000.0,47.5416361,7.620125,Basel,St. Jakob-Park,St. Jakob-Park,St. Jakob-Park,110.36111111111111
Greece,Russia,GRE,RUS,2008,2008-06-14,2008-06-14T18:45:00Z,Group D,GROUP_STANDINGS,31063.0,83487,AUT,30071.0,47.8162861,12.9981972,Salzburg,Stadion Salzburg,Stadion Salzburg,Stadion Salzburg,103.29885936616674
Sweden,Spain,SWE,ESP,2008,2008-06-14,2008-06-14T16:00:00Z,Group D,GROUP_STANDINGS,30772.0,77473,AUT,14932.0,47.2560139,11.4111694,Innsbruck,Tivoli Stadion Tirol,Tivoli Stadion Tirol,Tivoli Stadion Tirol,206.08090008036433
Netherlands,France,NED,FRA,2008,2008-06-13,2008-06-13T18:45:00Z,Group C,GROUP_STANDINGS,30777.0,89590,SUI,31500.0,46.9631194,7.464875,Bern,Stadion Wankdorf,Stadion Wankdorf,Stadion Wankdorf,97.70476190476191
Italy,Romania,ITA,ROU,2008,2008-06-13,2008-06-13T16:00:00Z,Group C,GROUP_STANDINGS,30585.0,63175,SUI,24056.0,47.3828028,8.5037194,Zurich,Stadion Letzigrund,Stadion Letzigrund,Stadion Letzigrund,127.14083804456268
Austria,Poland,AUT,POL,2008,2008-06-12,2008-06-12T18:45:00Z,Group B,GROUP_STANDINGS,51428.0,62085,AUT,49898.0,48.2071889,16.4205083,Vienna,Ernst-Happel-Stadion,Ernst-Happel-Stadion,Ernst-Happel-Stadion,103.06625516052748
Croatia,Germany,CRO,GER,2008,2008-06-12,2008-06-12T16:00:00Z,Group B,GROUP_STANDINGS,30461.0,80676,AUT,29863.0,46.608945,14.277495,Klagenfurt,Wörthersee Stadion,Wörthersee Stadion,Wörthersee Stadion,102.00247798278808
Switzerland,Türkiye,SUI,TUR,2008,2008-06-11,2008-06-11T18:45:00Z,Group A,GROUP_STANDINGS,39730.0,63171,SUI,36000.0,47.5416361,7.620125,Basel,St. Jakob-Park,St. Jakob-Park,St. Jakob-Park,110.36111111111111
Czechia,Portugal,CZE,POR,2008,2008-06-11,2008-06-11T16:00:00Z,Group A,GROUP_STANDINGS,29016.0,83180,SUI,26000.0,46.1779972,6.1272833,Geneva,Stade de Genève,Stade de Genève,Stade de Genève,111.60000000000001
Greece,Sweden,GRE,SWE,2008,2008-06-10,2008-06-10T18:45:00Z,Group D,GROUP_STANDINGS,31063.0,83487,AUT,30071.0,47.8162861,12.9981972,Salzburg,Stadion Salzburg,Stadion Salzburg,Stadion Salzburg,103.29885936616674
Spain,Russia,ESP,RUS,2008,2008-06-10,2008-06-10T16:00:00Z,Group D,GROUP_STANDINGS,30772.0,77473,AUT,14932.0,47.2560139,11.4111694,Innsbruck,Tivoli Stadion Tirol,Tivoli Stadion Tirol,Tivoli Stadion Tirol,206.08090008036433
Netherlands,Italy,NED,ITA,2008,2008-06-09,2008-06-09T18:45:00Z,Group C,GROUP_STANDINGS,30777.0,89590,SUI,31500.0,46.9631194,7.464875,Bern,Stadion Wankdorf,Stadion Wankdorf,Stadion Wankdorf,97.70476190476191
Romania,France,ROU,FRA,2008,2008-06-09,2008-06-09T16:00:00Z,Group C,GROUP_STANDINGS,30585.0,63175,SUI,24056.0,47.3828028,8.5037194,Zurich,Stadion Letzigrund,Stadion Letzigrund,Stadion Letzigrund,127.14083804456268
Germany,Poland,GER,POL,2008,2008-06-08,2008-06-08T18:45:00Z,Group B,GROUP_STANDINGS,30000.0,80676,AUT,29863.0,46.608945,14.277495,Klagenfurt,Wörthersee Stadion,Wörthersee Stadion,Wörthersee Stadion,100.45876167833106
Austria,Croatia,AUT,CRO,2008,2008-06-08,2008-06-08T16:00:00Z,Group B,GROUP_STANDINGS,51428.0,62085,AUT,49898.0,48.2071889,16.4205083,Vienna,Ernst-Happel-Stadion,Ernst-Happel-Stadion,Ernst-Happel-Stadion,103.06625516052748
Portugal,Türkiye,POR,TUR,2008,2008-06-07,2008-06-07T18:45:00Z,Group A,GROUP_STANDINGS,29106.0,83180,SUI,26000.0,46.1779972,6.1272833,Geneva,Stade de Genève,Stade de Genève,Stade de Genève,111.94615384615385
Switzerland,Czechia,SUI,CZE,2008,2008-06-07,2008-06-07T16:00:00Z,Group A,GROUP_STANDINGS,39730.0,63171,SUI,36000.0,47.5416361,7.620125,Basel,St. Jakob-Park,St. Jakob-Park,St. Jakob-Park,110.36111111111111
Italy,England,ITA,ENG,2020,2021-07-11,2021-07-11T19:00:00Z,,FINAL,67173.0,1100043,ENG,87360.0,51.5558417,-0.2795972,London,Wembley Stadium,Wembley Stadium,Wembley Stadium,76.89217032967034
England,Denmark,ENG,DEN,2020,2021-07-07,2021-07-07T19:00:00Z,,SEMIFINAL,64950.0,1100043,ENG,87360.0,51.5558417,-0.2795972,London,Wembley Stadium,Wembley Stadium,Wembley Stadium,74.34752747252747
Italy,Spain,ITA,ESP,2020,2021-07-06,2021-07-06T19:00:00Z,,SEMIFINAL,57811.0,1100043,ENG,87360.0,51.5558417,-0.2795972,London,Wembley Stadium,Wembley Stadium,Wembley Stadium,66.17559523809524
Ukraine,England,UKR,ENG,2020,2021-07-03,2021-07-03T19:00:00Z,,QUARTER_FINALS,11880.0,57775,ITA,69689.0,41.9339222,12.4546833,Rome,Olimpico in Rome,Stadio Olimpico,Olimpico in Rome,17.04716669775718
Czechia,Denmark,CZE,DEN,2020,2021-07-03,2021-07-03T16:00:00Z,,QUARTER_FINALS,16306.0,250002745,AZE,68700.0,40.429766,49.91979,Baku,Baku Olympic Stadium,Baku Olympic Stadium,Baku Olympic Stadium,23.735080058224163
Belgium,Italy,BEL,ITA,2020,2021-07-02,2021-07-02T19:00:00Z,,QUARTER_FINALS,12984.0,85441,GER,75000.0,48.2187944,11.6247306,Munich,Munich Football Arena,Fußball Arena München,Munich Football Arena,17.312
Switzerland,Spain,SUI,ESP,2020,2021-07-02,2021-07-02T16:00:00Z,,QUARTER_FINALS,24764.0,250003363,RUS,59960.0,59.972953,30.220533,St Petersburg,Gazprom Arena,Gazprom Arena,Gazprom Arena,41.30086724482989
Sweden,Ukraine,SWE,UKR,2020,2021-06-29,2021-06-29T19:00:00Z,,ROUND_OF_16,9221.0,62427,SCO,51824.0,55.8258583,-4.2519417,Glasgow,Hampden Park,Hampden Park,Hampden Park,17.792914479777707
England,Germany,ENG,GER,2020,2021-06-29,2021-06-29T16:00:00Z,,ROUND_OF_16,41973.0,1100043,ENG,87360.0,51.5558417,-0.2795972,London,Wembley Stadium,Wembley Stadium,Wembley Stadium,48.04601648351648
France,Switzerland,FRA,SUI,2020,2021-06-28,2021-06-28T19:00:00Z,,ROUND_OF_16,22642.0,250001298,ROU,54231.0,44.438192,26.151924,Bucharest,National Arena Bucharest,National Arena,National Arena Bucharest,41.751028009809886
Croatia,Spain,CRO,ESP,2020,2021-06-28,2021-06-28T16:00:00Z,,ROUND_OF_16,22771.0,63462,DEN,38052.0,55.7027611,12.572275,Copenhagen,Parken Stadium,Parken,Parken Stadium,59.84179543782193
Belgium,Portugal,BEL,POR,2020,2021-06-27,2021-06-27T19:00:00Z,,ROUND_OF_16,11504.0,74459,ESP,57619.0,37.4172611,-6.0046333,Seville,La Cartuja Stadium,La Cartuja de Sevilla,La Cartuja Stadium,19.965636335236642
Netherlands,Czechia,NED,CZE,2020,2021-06-27,2021-06-27T16:00:00Z,,ROUND_OF_16,52834.0,250004078,HUN,65014.0,47.503111,19.098024,Budapest,Puskás Aréna,Puskás Aréna,Puskás Aréna,81.2655735687698
Italy,Austria,ITA,AUT,2020,2021-06-26,2021-06-26T19:00:00Z,,ROUND_OF_16,18910.0,1100043,ENG,87360.0,51.5558417,-0.2795972,London,Wembley Stadium,Wembley Stadium,Wembley Stadium,21.64606227106227
Wales,Denmark,WAL,DEN,2020,2021-06-26,2021-06-26T16:00:00Z,,ROUND_OF_16,14645.0,62417,NED,53338.0,52.314172,4.94185,Amsterdam,Johan Cruijff ArenA,Johan Cruijff ArenA,Johan Cruijff ArenA,27.456972514904948
Germany,Hungary,GER,HUN,2020,2021-06-23,2021-06-23T19:00:00Z,Group F,GROUP_STANDINGS,12413.0,85441,GER,75000.0,48.2187944,11.6247306,Munich,Munich Football Arena,Fußball Arena München,Munich Football Arena,16.550666666666665
Portugal,France,POR,FRA,2020,2021-06-23,2021-06-23T19:00:00Z,Group F,GROUP_STANDINGS,55886.0,250004078,HUN,65014.0,47.503111,19.098024,Budapest,Puskás Aréna,Puskás Aréna,Puskás Aréna,85.95994708831944
Sweden,Poland,SWE,POL,2020,2021-06-23,2021-06-23T16:00:00Z,Group E,GROUP_STANDINGS,14252.0,250003363,RUS,59960.0,59.972953,30.220533,St Petersburg,Gazprom Arena,Gazprom Arena,Gazprom Arena,23.769179452968643
Slovakia,Spain,SVK,ESP,2020,2021-06-23,2021-06-23T16:00:00Z,Group E,GROUP_STANDINGS,11204.0,74459,ESP,57619.0,37.4172611,-6.0046333,Seville,La Cartuja Stadium,La Cartuja de Sevilla,La Cartuja Stadium,19.444974747913015
Czechia,England,CZE,ENG,2020,2021-06-22,2021-06-22T19:00:00Z,Group D,GROUP_STANDINGS,19104.0,1100043,ENG,87360.0,51.5558417,-0.2795972,London,Wembley Stadium,Wembley Stadium,Wembley Stadium,21.86813186813187
Croatia,Scotland,CRO,SCO,2020,2021-06-22,2021-06-22T19:00:00Z,Group D,GROUP_STANDINGS,9896.0,62427,SCO,51824.0,55.8258583,-4.2519417,Glasgow,Hampden Park,Hampden Park,Hampden Park,19.09539981475764
Finland,Belgium,FIN,BEL,2020,2021-06-21,2021-06-21T19:00:00Z,Group B,GROUP_STANDINGS,18545.0,250003363,RUS,59960.0,59.972953,30.220533,St Petersburg,Gazprom Arena,Gazprom Arena,Gazprom Arena,30.928952635090063
Russia,Denmark,RUS,DEN,2020,2021-06-21,2021-06-21T19:00:00Z,Group B,GROUP_STANDINGS,23644.0,63462,DEN,38052.0,55.7027611,12.572275,Copenhagen,Parken Stadium,Parken,Parken Stadium,62.136024387680024
Ukraine,Austria,UKR,AUT,2020,2021-06-21,2021-06-21T16:00:00Z,Group C,GROUP_STANDINGS,10472.0,250001298,ROU,54231.0,44.438192,26.151924,Bucharest,National Arena Bucharest,National Arena,National Arena Bucharest,19.309988751820914
North Macedonia,Netherlands,MKD,NED,2020,2021-06-21,2021-06-21T16:00:00Z,Group C,GROUP_STANDINGS,15227.0,62417,NED,53338.0,52.314172,4.94185,Amsterdam,Johan Cruijff ArenA,Johan Cruijff ArenA,Johan Cruijff ArenA,28.548127038884097
Italy,Wales,ITA,WAL,2020,2021-06-20,2021-06-20T16:00:00Z,Group A,GROUP_STANDINGS,11541.0,57775,ITA,69689.0,41.9339222,12.4546833,Rome,Olimpico in Rome,Stadio Olimpico,Olimpico in Rome,16.560719769260572
Switzerland,Türkiye,SUI,TUR,2020,2021-06-20,2021-06-20T16:00:00Z,Group A,GROUP_STANDINGS,17138.0,250002745,AZE,68700.0,40.429766,49.91979,Baku,Baku Olympic Stadium,Baku Olympic Stadium,Baku Olympic Stadium,24.94614264919942
Spain,Poland,ESP,POL,2020,2021-06-19,2021-06-19T19:00:00Z,Group E,GROUP_STANDINGS,11742.0,74459,ESP,57619.0,37.4172611,-6.0046333,Seville,La Cartuja Stadium,La Cartuja de Sevilla,La Cartuja Stadium,20.378694527846715
Portugal,Germany,POR,GER,2020,2021-06-19,2021-06-19T16:00:00Z,Group F,GROUP_STANDINGS,12926.0,85441,GER,75000.0,48.2187944,11.6247306,Munich,Munich Football Arena,Fußball Arena München,Munich Football Arena,17.23466666666667
Hungary,France,HUN,FRA,2020,2021-06-19,2021-06-19T13:00:00Z,Group F,GROUP_STANDINGS,55998.0,250004078,HUN,65014.0,47.503111,19.098024,Budapest,Puskás Aréna,Puskás Aréna,Puskás Aréna,86.13221767619282
England,Scotland,ENG,SCO,2020,2021-06-18,2021-06-18T19:00:00Z,Group D,GROUP_STANDINGS,20306.0,1100043,ENG,87360.0,51.5558417,-0.2795972,London,Wembley Stadium,Wembley Stadium,Wembley Stadium,23.24404761904762
Croatia,Czechia,CRO,CZE,2020,2021-06-18,2021-06-18T16:00:00Z,Group D,GROUP_STANDINGS,5607.0,62427,SCO,51824.0,55.8258583,-4.2519417,Glasgow,Hampden Park,Hampden Park,Hampden Park,10.819311515899969
Sweden,Slovakia,SWE,SVK,2020,2021-06-18,2021-06-18T13:00:00Z,Group E,GROUP_STANDINGS,11525.0,250003363,RUS,59960.0,59.972953,30.220533,St Petersburg,Gazprom Arena,Gazprom Arena,Gazprom Arena,19.22114743162108
Netherlands,Austria,NED,AUT,2020,2021-06-17,2021-06-17T19:00:00Z,Group C,GROUP_STANDINGS,15243.0,62417,NED,53338.0,52.314172,4.94185,Amsterdam,Johan Cruijff ArenA,Johan Cruijff ArenA,Johan Cruijff ArenA,28.578124414113766
Denmark,Belgium,DEN,BEL,2020,2021-06-17,2021-06-17T16:00:00Z,Group B,GROUP_STANDINGS,23395.0,63462,DEN,38052.0,55.7027611,12.572275,Copenhagen,Parken Stadium,Parken,Parken Stadium,61.48165668033217
Ukraine,North Macedonia,UKR,MKD,2020,2021-06-17,2021-06-17T13:00:00Z,Group C,GROUP_STANDINGS,10001.0,250001298,ROU,54231.0,44.438192,26.151924,Bucharest,National Arena Bucharest,National Arena,National Arena Bucharest,18.441481809297265
Italy,Switzerland,ITA,SUI,2020,2021-06-16,2021-06-16T19:00:00Z,Group A,GROUP_STANDINGS,12445.0,57775,ITA,69689.0,41.9339222,12.4546833,Rome,Olimpico in Rome,Stadio Olimpico,Olimpico in Rome,17.857911578584858
Türkiye,Wales,TUR,WAL,2020,2021-06-16,2021-06-16T16:00:00Z,Group A,GROUP_STANDINGS,19762.0,250002745,AZE,68700.0,40.429766,49.91979,Baku,Baku Olympic Stadium,Baku Olympic Stadium,Baku Olympic Stadium,28.765647743813684
Finland,Russia,FIN,RUS,2020,2021-06-16,2021-06-16T13:00:00Z,Group B,GROUP_STANDINGS,24540.0,250003363,RUS,59960.0,59.972953,30.220533,St Petersburg,Gazprom Arena,Gazprom Arena,Gazprom Arena,40.92728485657105
France,Germany,FRA,GER,2020,2021-06-15,2021-06-15T19:00:00Z,Group F,GROUP_STANDINGS,13000.0,85441,GER,75000.0,48.2187944,11.6247306,Munich,Munich Football Arena,Fußball Arena München,Munich Football Arena,17.333333333333336
Hungary,Portugal,HUN,POR,2020,2021-06-15,2021-06-15T16:00:00Z,Group F,GROUP_STANDINGS,55662.0,250004078,HUN,65014.0,47.503111,19.098024,Budapest,Puskás Aréna,Puskás Aréna,Puskás Aréna,85.61540591257267
Spain,Sweden,ESP,SWE,2020,2021-06-14,2021-06-14T19:00:00Z,Group E,GROUP_STANDINGS,10559.0,74459,ESP,57619.0,37.4172611,-6.0046333,Seville,La Cartuja Stadium,La Cartuja de Sevilla,La Cartuja Stadium,18.32555233516722
Poland,Slovakia,POL,SVK,2020,2021-06-14,2021-06-14T16:00:00Z,Group E,GROUP_STANDINGS,12862.0,250003363,RUS,59960.0,59.972953,30.220533,St Petersburg,Gazprom Arena,Gazprom Arena,Gazprom Arena,21.450967311541028
Scotland,Czechia,SCO,CZE,2020,2021-06-14,2021-06-14T13:00:00Z,Group D,GROUP_STANDINGS,9847.0,62427,SCO,51824.0,55.8258583,-4.2519417,Glasgow,Hampden Park,Hampden Park,Hampden Park,19.000849027477617
Netherlands,Ukraine,NED,UKR,2020,2021-06-13,2021-06-13T19:00:00Z,Group C,GROUP_STANDINGS,15837.0,62417,NED,53338.0,52.314172,4.94185,Amsterdam,Johan Cruijff ArenA,Johan Cruijff ArenA,Johan Cruijff ArenA,29.691776969515164
Austria,North Macedonia,AUT,MKD,2020,2021-06-13,2021-06-13T16:00:00Z,Group C,GROUP_STANDINGS,9082.0,250001298,ROU,54231.0,44.438192,26.151924,Bucharest,National Arena Bucharest,National Arena,National Arena Bucharest,16.746879091294648
England,Croatia,ENG,CRO,2020,2021-06-13,2021-06-13T13:00:00Z,Group D,GROUP_STANDINGS,18497.0,1100043,ENG,87360.0,51.5558417,-0.2795972,London,Wembley Stadium,Wembley Stadium,Wembley Stadium,21.17330586080586
Belgium,Russia,BEL,RUS,2020,2021-06-12,2021-06-12T19:00:00Z,Group B,GROUP_STANDINGS,26264.0,250003363,RUS,59960.0,59.972953,30.220533,St Petersburg,Gazprom Arena,Gazprom Arena,Gazprom Arena,43.802535023348895
Denmark,Finland,DEN,FIN,2020,2021-06-12,2021-06-12T16:00:00Z,Group B,GROUP_STANDINGS,13790.0,63462,DEN,38052.0,55.7027611,12.572275,Copenhagen,Parken Stadium,Parken,Parken Stadium,36.239882266372334
Wales,Switzerland,WAL,SUI,2020,2021-06-12,2021-06-12T13:00:00Z,Group A,GROUP_STANDINGS,8782.0,250002745,AZE,68700.0,40.429766,49.91979,Baku,Baku Olympic Stadium,Baku Olympic Stadium,Baku Olympic Stadium,12.78311499272198
Türkiye,Italy,TUR,ITA,2020,2021-06-11,2021-06-11T19:00:00Z,Group A,GROUP_STANDINGS,12916.0,57775,ITA,69689.0,41.9339222,12.4546833,Rome,Olimpico in Rome,Stadio Olimpico,Olimpico in Rome,18.533771470389876
Spain,England,ESP,ENG,2024,2024-07-14,2024-07-14T19:00:00Z,,FINAL,65600.0,62875,GER,74244.0,52.5147139,13.2393972,Berlin,Olympiastadion,Olympiastadion,Olympiastadion,88.35730833468024
Netherlands,England,NED,ENG,2024,2024-07-10,2024-07-10T19:00:00Z,,SEMIFINAL,60926.0,57798,GER,81365.0,51.4925889,7.4517722,Dortmund,BVB Stadion Dortmund,BVB Stadion Dortmund,BVB Stadion Dortmund,74.87986234867572
Spain,France,ESP,FRA,2024,2024-07-09,2024-07-09T19:00:00Z,,SEMIFINAL,62042.0,85441,GER,75000.0,48.2187944,11.6247306,Munich,Munich Football Arena,Fußball Arena München,Munich Football Arena,82.72266666666667
Netherlands,Türkiye,NED,TUR,2024,2024-07-06,2024-07-06T19:00:00Z,,QUARTER_FINALS,70091.0,62875,GER,74244.0,52.5147139,13.2393972,Berlin,Olympiastadion,Olympiastadion,Olympiastadion,94.40628198911696
England,Switzerland,ENG,SUI,2024,2024-07-06,2024-07-06T16:00:00Z,,QUARTER_FINALS,46907.0,1100174,GER,44559.0,51.260304,6.732731,Dusseldorf,Düsseldorf Arena,Düsseldorf Arena,Düsseldorf Arena,105.26941807491193
Portugal,France,POR,FRA,2024,2024-07-05,2024-07-05T19:00:00Z,,QUARTER_FINALS,47789.0,53103,GER,51831.0,53.5871556,9.8985528,Hamburg,Volksparkstadion,Volksparkstadion,Volksparkstadion,92.20157820609288
Spain,Germany,ESP,GER,2024,2024-07-05,2024-07-05T16:00:00Z,,QUARTER_FINALS,54000.0,53101,GER,54697.0,48.7922694,9.2320083,Stuttgart,Stuttgart Arena,Arena Stuttgart,Stuttgart Arena,98.7257070771706
Austria,Türkiye,AUT,TUR,2024,2024-07-02,2024-07-02T19:00:00Z,,ROUND_OF_16,38305.0,85442,GER,42146.0,51.3457333,12.3481806,Leipzig,Leipzig Stadium,RB Arena,Leipzig Stadium,90.88644236700992
Romania,Netherlands,ROU,NED,2024,2024-07-02,2024-07-02T16:00:00Z,,ROUND_OF_16,65012.0,85441,GER,75000.0,48.2187944,11.6247306,Munich,Munich Football Arena,Fußball Arena München,Munich Football Arena,86.68266666666666
Portugal,Slovenia,POR,SVN,2024,2024-07-01,2024-07-01T19:00:00Z,,ROUND_OF_16,46576.0,85690,GER,49474.0,50.0685861,8.6454556,Frankfurt am Main,Frankfurt Arena,Frankfurt Stadion,Frankfurt Arena,94.14237781460969
France,Belgium,FRA,BEL,2024,2024-07-01,2024-07-01T16:00:00Z,,ROUND_OF_16,46810.0,1100174,GER,44559.0,51.260304,6.732731,Dusseldorf,Düsseldorf Arena,Düsseldorf Arena,Düsseldorf Arena,105.0517291680693
Spain,Georgia,ESP,GEO,2024,2024-06-30,2024-06-30T19:00:00Z,,ROUND_OF_16,42233.0,52864,GER,45134.0,50.9335056,6.8749944,Cologne,Cologne Stadium,Stadion Köln,Cologne Stadium,93.5724730801613
England,Slovakia,ENG,SVK,2024,2024-06-30,2024-06-30T16:00:00Z,,ROUND_OF_16,47244.0,79089,GER,54740.0,51.5545417,7.0675694,Gelsenkirchen,Arena AufSchalke,Arena AufSchalke,Arena AufSchalke,86.30617464377055
Germany,Denmark,GER,DEN,2024,2024-06-29,2024-06-29T19:00:00Z,,ROUND_OF_16,61612.0,57798,GER,81365.0,51.4925889,7.4517722,Dortmund,BVB Stadion Dortmund,BVB Stadion Dortmund,BVB Stadion Dortmund,75.72297670988755
Switzerland,Italy,SUI,ITA,2024,2024-06-29,2024-06-29T16:00:00Z,,ROUND_OF_16,68172.0,62875,GER,74244.0,52.5147139,13.2393972,Berlin,Olympiastadion,Olympiastadion,Olympiastadion,91.82156133828995
Czechia,Türkiye,CZE,TUR,2024,2024-06-26,2024-06-26T19:00:00Z,Group F,GROUP_STANDINGS,47683.0,53103,GER,51831.0,53.5871556,9.8985528,Hamburg,Volksparkstadion,Volksparkstadion,Volksparkstadion,91.99706739210126
Georgia,Portugal,GEO,POR,2024,2024-06-26,2024-06-26T19:00:00Z,Group F,GROUP_STANDINGS,49616.0,79089,GER,54740.0,51.5545417,7.0675694,Gelsenkirchen,Arena AufSchalke,Arena AufSchalke,Arena AufSchalke,90.6393861892583
Ukraine,Belgium,UKR,BEL,2024,2024-06-26,2024-06-26T16:00:00Z,Group E,GROUP_STANDINGS,54000.0,53101,GER,54697.0,48.7922694,9.2320083,Stuttgart,Stuttgart Arena,Arena Stuttgart,Stuttgart Arena,98.7257070771706
Slovakia,Romania,SVK,ROU,2024,2024-06-26,2024-06-26T16:00:00Z,Group E,GROUP_STANDINGS,45033.0,85690,GER,49474.0,50.0685861,8.6454556,Frankfurt am Main,Frankfurt Arena,Frankfurt Stadion,Frankfurt Arena,91.02356793467276
Denmark,Serbia,DEN,SRB,2024,2024-06-25,2024-06-25T19:00:00Z,Group C,GROUP_STANDINGS,64288.0,85441,GER,75000.0,48.2187944,11.6247306,Munich,Munich Football Arena,Fußball Arena München,Munich Football Arena,85.71733333333333
England,Slovenia,ENG,SVN,2024,2024-06-25,2024-06-25T19:00:00Z,Group C,GROUP_STANDINGS,41536.0,52864,GER,45134.0,50.9335056,6.8749944,Cologne,Cologne Stadium,Stadion Köln,Cologne Stadium,92.02818274471574
France,Poland,FRA,POL,2024,2024-06-25,2024-06-25T16:00:00Z,Group D,GROUP_STANDINGS,59728.0,57798,GER,81365.0,51.4925889,7.4517722,Dortmund,BVB Stadion Dortmund,BVB Stadion Dortmund,BVB Stadion Dortmund,73.40748479075769
Netherlands,Austria,NED,AUT,2024,2024-06-25,2024-06-25T16:00:00Z,Group D,GROUP_STANDINGS,68363.0,62875,GER,74244.0,52.5147139,13.2393972,Berlin,Olympiastadion,Olympiastadion,Olympiastadion,92.07882118420343
Croatia,Italy,CRO,ITA,2024,2024-06-24,2024-06-24T19:00:00Z,Group B,GROUP_STANDINGS,38322.0,85442,GER,42146.0,51.3457333,12.3481806,Leipzig,Leipzig Stadium,RB Arena,Leipzig Stadium,90.92677834195416
Albania,Spain,ALB,ESP,2024,2024-06-24,2024-06-24T19:00:00Z,Group B,GROUP_STANDINGS,46586.0,1100174,GER,44559.0,51.260304,6.732731,Dusseldorf,Düsseldorf Arena,Düsseldorf Arena,Düsseldorf Arena,104.54902488835027
Scotland,Hungary,SCO,HUN,2024,2024-06-23,2024-06-23T19:00:00Z,Group A,GROUP_STANDINGS,54000.0,53101,GER,54697.0,48.7922694,9.2320083,Stuttgart,Stuttgart Arena,Arena Stuttgart,Stuttgart Arena,98.7257070771706
Switzerland,Germany,SUI,GER,2024,2024-06-23,2024-06-23T19:00:00Z,Group A,GROUP_STANDINGS,46685.0,85690,GER,49474.0,50.0685861,8.6454556,Frankfurt am Main,Frankfurt Arena,Frankfurt Stadion,Frankfurt Arena,94.3626955572624
Belgium,Romania,BEL,ROU,2024,2024-06-22,2024-06-22T19:00:00Z,Group E,GROUP_STANDINGS,42535.0,52864,GER,45134.0,50.9335056,6.8749944,Cologne,Cologne Stadium,Stadion Köln,Cologne Stadium,94.24159170470155
Türkiye,Portugal,TUR,POR,2024,2024-06-22,2024-06-22T16:00:00Z,Group F,GROUP_STANDINGS,61047.0,57798,GER,81365.0,51.4925889,7.4517722,Dortmund,BVB Stadion Dortmund,BVB Stadion Dortmund,BVB Stadion Dortmund,75.02857494008481
Georgia,Czechia,GEO,CZE,2024,2024-06-22,2024-06-22T13:00:00Z,Group F,GROUP_STANDINGS,46524.0,53103,GER,51831.0,53.5871556,9.8985528,Hamburg,Volksparkstadion,Volksparkstadion,Volksparkstadion,89.76095386930602
Netherlands,France,NED,FRA,2024,2024-06-21,2024-06-21T19:00:00Z,Group D,GROUP_STANDINGS,38531.0,85442,GER,42146.0,51.3457333,12.3481806,Leipzig,Leipzig Stadium,RB Arena,Leipzig Stadium,91.42267356332748
Poland,Austria,POL,AUT,2024,2024-06-21,2024-06-21T16:00:00Z,Group D,GROUP_STANDINGS,69455.0,62875,GER,74244.0,52.5147139,13.2393972,Berlin,Olympiastadion,Olympiastadion,Olympiastadion,93.54964710953072
Slovakia,Ukraine,SVK,UKR,2024,2024-06-21,2024-06-21T13:00:00Z,Group E,GROUP_STANDINGS,43910.0,1100174,GER,44559.0,51.260304,6.732731,Dusseldorf,Düsseldorf Arena,Düsseldorf Arena,Düsseldorf Arena,98.5435041181355
Spain,Italy,ESP,ITA,2024,2024-06-20,2024-06-20T19:00:00Z,Group B,GROUP_STANDINGS,49528.0,79089,GER,54740.0,51.5545417,7.0675694,Gelsenkirchen,Arena AufSchalke,Arena AufSchalke,Arena AufSchalke,90.47862623310193
Denmark,England,DEN,ENG,2024,2024-06-20,2024-06-20T16:00:00Z,Group C,GROUP_STANDINGS,46177.0,85690,GER,49474.0,50.0685861,8.6454556,Frankfurt am Main,Frankfurt Arena,Frankfurt Stadion,Frankfurt Arena,93.33589360067914
Slovenia,Serbia,SVN,SRB,2024,2024-06-20,2024-06-20T13:00:00Z,Group C,GROUP_STANDINGS,63028.0,85441,GER,75000.0,48.2187944,11.6247306,Munich,Munich Football Arena,Fußball Arena München,Munich Football Arena,84.03733333333334
Scotland,Switzerland,SCO,SUI,2024,2024-06-19,2024-06-19T19:00:00Z,Group A,GROUP_STANDINGS,42711.0,52864,GER,45134.0,50.9335056,6.8749944,Cologne,Cologne Stadium,Stadion Köln,Cologne Stadium,94.63154163158595
Germany,Hungary,GER,HUN,2024,2024-06-19,2024-06-19T16:00:00Z,Group A,GROUP_STANDINGS,54000.0,53101,GER,54697.0,48.7922694,9.2320083,Stuttgart,Stuttgart Arena,Arena Stuttgart,Stuttgart Arena,98.7257070771706
Croatia,Albania,CRO,ALB,2024,2024-06-19,2024-06-19T13:00:00Z,Group B,GROUP_STANDINGS,46784.0,53103,GER,51831.0,53.5871556,9.8985528,Hamburg,Volksparkstadion,Volksparkstadion,Volksparkstadion,90.26258416777604
Portugal,Czechia,POR,CZE,2024,2024-06-18,2024-06-18T19:00:00Z,Group F,GROUP_STANDINGS,38421.0,85442,GER,42146.0,51.3457333,12.3481806,Leipzig,Leipzig Stadium,RB Arena,Leipzig Stadium,91.16167607839415
Türkiye,Georgia,TUR,GEO,2024,2024-06-18,2024-06-18T16:00:00Z,Group F,GROUP_STANDINGS,59127.0,57798,GER,81365.0,51.4925889,7.4517722,Dortmund,BVB Stadion Dortmund,BVB Stadion Dortmund,BVB Stadion Dortmund,72.66883795243655
Austria,France,AUT,FRA,2024,2024-06-17,2024-06-17T19:00:00Z,Group D,GROUP_STANDINGS,46425.0,1100174,GER,44559.0,51.260304,6.732731,Dusseldorf,Düsseldorf Arena,Düsseldorf Arena,Düsseldorf Arena,104.18770618730223
Belgium,Slovakia,BEL,SVK,2024,2024-06-17,2024-06-17T16:00:00Z,Group E,GROUP_STANDINGS,45181.0,85690,GER,49474.0,50.0685861,8.6454556,Frankfurt am Main,Frankfurt Arena,Frankfurt Stadion,Frankfurt Arena,91.32271496139386
Romania,Ukraine,ROU,UKR,2024,2024-06-17,2024-06-17T13:00:00Z,Group E,GROUP_STANDINGS,61591.0,85441,GER,75000.0,48.2187944,11.6247306,Munich,Munich Football Arena,Fußball Arena München,Munich Football Arena,82.12133333333334
Serbia,England,SRB,ENG,2024,2024-06-16,2024-06-16T19:00:00Z,Group C,GROUP_STANDINGS,48953.0,79089,GER,54740.0,51.5545417,7.0675694,Gelsenkirchen,Arena AufSchalke,Arena AufSchalke,Arena AufSchalke,89.42820606503471
Slovenia,Denmark,SVN,DEN,2024,2024-06-16,2024-06-16T16:00:00Z,Group C,GROUP_STANDINGS,54000.0,53101,GER,54697.0,48.7922694,9.2320083,Stuttgart,Stuttgart Arena,Arena Stuttgart,Stuttgart Arena,98.7257070771706
Poland,Netherlands,POL,NED,2024,2024-06-16,2024-06-16T13:00:00Z,Group D,GROUP_STANDINGS,48117.0,53103,GER,51831.0,53.5871556,9.8985528,Hamburg,Volksparkstadion,Volksparkstadion,Volksparkstadion,92.83440412108584
Italy,Albania,ITA,ALB,2024,2024-06-15,2024-06-15T19:00:00Z,Group B,GROUP_STANDINGS,60512.0,57798,GER,81365.0,51.4925889,7.4517722,Dortmund,BVB Stadion Dortmund,BVB Stadion Dortmund,BVB Stadion Dortmund,74.37104406071407
Spain,Croatia,ESP,CRO,2024,2024-06-15,2024-06-15T16:00:00Z,Group B,GROUP_STANDINGS,68844.0,62875,GER,74244.0,52.5147139,13.2393972,Berlin,Olympiastadion,Olympiastadion,Olympiastadion,92.72668498464523
Hungary,Switzerland,HUN,SUI,2024,2024-06-15,2024-06-15T13:00:00Z,Group A,GROUP_STANDINGS,41676.0,52864,GER,45134.0,50.9335056,6.8749944,Cologne,Cologne Stadium,Stadion Köln,Cologne Stadium,92.33837018655558
Germany,Scotland,GER,SCO,2024,2024-06-14,2024-06-14T19:00:00Z,Group A,GROUP_STANDINGS,65052.0,85441,GER,75000.0,48.2187944,11.6247306,Munich,Munich Football Arena,Fußball Arena München,Munich Football Arena,86.736
France,Italy,FRA,ITA,2000,2000-07-02,2000-07-02T18:00:00Z,,FINAL,50000.0,52851,NED,48100.0,51.8939056,4.5232,Rotterdam,Stadion Feijenoord 'De Kuip',Stadion Feijenoord 'De Kuip',Stadion Feijenoord,103.95010395010395
Italy,Netherlands,ITA,NED,2000,2000-06-29,2000-06-29T16:00:00Z,,SEMIFINAL,50000.0,62417,NED,53338.0,52.314172,4.94185,Amsterdam,Johan Cruijff ArenA,Johan Cruijff ArenA,Johan Cruijff ArenA,93.74179759271064
France,Portugal,FRA,POR,2000,2000-06-28,2000-06-28T18:45:00Z,,SEMIFINAL,48000.0,62073,BEL,48693.0,50.8957583,4.3339472,Brussels,King Baudouin Stadium,King Baudouin Stadium,King Baudouin Stadium,98.57679748629167
Spain,France,ESP,FRA,2000,2000-06-25,2000-06-25T18:45:00Z,,QUARTER_FINALS,26614.0,63387,BEL,28300.0,51.1933556,3.1806222,Bruges,Jan Breydelstadion,Jan Breydelstadion,Jan Breydelstadion,94.04240282685512
Netherlands,Yugoslavia,NED,YUG,2000,2000-06-25,2000-06-25T16:00:00Z,,QUARTER_FINALS,44000.0,52851,NED,48100.0,51.8939056,4.5232,Rotterdam,Stadion Feijenoord 'De Kuip',Stadion Feijenoord 'De Kuip',Stadion Feijenoord,91.47609147609148
Italy,Romania,ITA,ROU,2000,2000-06-24,2000-06-24T18:45:00Z,,QUARTER_FINALS,41000.0,62073,BEL,48693.0,50.8957583,4.3339472,Brussels,King Baudouin Stadium,King Baudouin Stadium,King Baudouin Stadium,84.20101451954079
Türkiye,Portugal,TUR,POR,2000,2000-06-24,2000-06-24T16:00:00Z,,QUARTER_FINALS,42000.0,62417,NED,53338.0,52.314172,4.94185,Amsterdam,Johan Cruijff ArenA,Johan Cruijff ArenA,Johan Cruijff ArenA,78.74310997787694
France,Netherlands,FRA,NED,2000,2000-06-21,2000-06-21T18:45:00Z,Group D,GROUP_STANDINGS,50000.0,62417,NED,53338.0,52.314172,4.94185,Amsterdam,Johan Cruijff ArenA,Johan Cruijff ArenA,Johan Cruijff ArenA,93.74179759271064
Denmark,Czechia,DEN,CZE,2000,2000-06-21,2000-06-21T18:45:00Z,Group D,GROUP_STANDINGS,20000.0,62076,BEL,27221.0,50.6099583,5.5432667,Liege,Stade Maurice Dufrasne,Stade Maurice Dufrasne,Stade Maurice Dufrasne,73.47268652878293
Slovenia,Norway,SVN,NOR,2000,2000-06-21,2000-06-21T16:00:00Z,Group C,GROUP_STANDINGS,21000.0,67772,NED,21248.0,51.9629083,5.8927861,Arnhem,GelreDome,GelreDome,GelreDome,98.83283132530121
Yugoslavia,Spain,YUG,ESP,2000,2000-06-21,2000-06-21T16:00:00Z,Group C,GROUP_STANDINGS,26611.0,63387,BEL,28300.0,51.1933556,3.1806222,Bruges,Jan Breydelstadion,Jan Breydelstadion,Jan Breydelstadion,94.03180212014134
Portugal,Germany,POR,GER,2000,2000-06-20,2000-06-20T18:45:00Z,Group A,GROUP_STANDINGS,44000.0,52851,NED,48100.0,51.8939056,4.5232,Rotterdam,Stadion Feijenoord 'De Kuip',Stadion Feijenoord 'De Kuip',Stadion Feijenoord,91.47609147609148
England,Romania,ENG,ROU,2000,2000-06-20,2000-06-20T18:45:00Z,Group A,GROUP_STANDINGS,30000.0,62080,BEL,13750.0,50.4147222,4.4536778,Charleroi,Stade du Pays de Charleroi,Stade du Pays de Charleroi,Stade du Pays de Charleroi,218.18181818181816
Italy,Sweden,ITA,SWE,2000,2000-06-19,2000-06-19T18:45:00Z,Group B,GROUP_STANDINGS,30000.0,52853,NED,35000.0,51.4416444,5.4673028,Eindhoven,PSV Stadion,PSV Stadion,PSV Stadion,85.71428571428571
Türkiye,Belgium,TUR,BEL,2000,2000-06-19,2000-06-19T18:45:00Z,Group B,GROUP_STANDINGS,48000.0,62073,BEL,48693.0,50.8957583,4.3339472,Brussels,King Baudouin Stadium,King Baudouin Stadium,King Baudouin Stadium,98.57679748629167
Norway,Yugoslavia,NOR,YUG,2000,2000-06-18,2000-06-18T18:45:00Z,Group C,GROUP_STANDINGS,28750.0,62076,BEL,27221.0,50.6099583,5.5432667,Liege,Stade Maurice Dufrasne,Stade Maurice Dufrasne,Stade Maurice Dufrasne,105.61698688512547
Slovenia,Spain,SVN,ESP,2000,2000-06-18,2000-06-18T16:00:00Z,Group C,GROUP_STANDINGS,51300.0,62417,NED,53338.0,52.314172,4.94185,Amsterdam,Johan Cruijff ArenA,Johan Cruijff ArenA,Johan Cruijff ArenA,96.17908433012111
England,Germany,ENG,GER,2000,2000-06-17,2000-06-17T18:45:00Z,Group A,GROUP_STANDINGS,29000.0,62080,BEL,13750.0,50.4147222,4.4536778,Charleroi,Stade du Pays de Charleroi,Stade du Pays de Charleroi,Stade du Pays de Charleroi,210.90909090909088
Romania,Portugal,ROU,POR,2000,2000-06-17,2000-06-17T16:00:00Z,Group A,GROUP_STANDINGS,28400.0,67772,NED,21248.0,51.9629083,5.8927861,Arnhem,GelreDome,GelreDome,GelreDome,133.65963855421688
Denmark,Netherlands,DEN,NED,2000,2000-06-16,2000-06-16T18:45:00Z,Group D,GROUP_STANDINGS,51425.0,52851,NED,48100.0,51.8939056,4.5232,Rotterdam,Stadion Feijenoord 'De Kuip',Stadion Feijenoord 'De Kuip',Stadion Feijenoord,106.9126819126819
Czechia,France,CZE,FRA,2000,2000-06-16,2000-06-16T16:00:00Z,Group D,GROUP_STANDINGS,27243.0,63387,BEL,28300.0,51.1933556,3.1806222,Bruges,Jan Breydelstadion,Jan Breydelstadion,Jan Breydelstadion,96.26501766784452
Sweden,Türkiye,SWE,TUR,2000,2000-06-15,2000-06-15T18:45:00Z,Group B,GROUP_STANDINGS,27000.0,52853,NED,35000.0,51.4416444,5.4673028,Eindhoven,PSV Stadion,PSV Stadion,PSV Stadion,77.14285714285715
Italy,Belgium,ITA,BEL,2000,2000-06-14,2000-06-14T18:45:00Z,Group B,GROUP_STANDINGS,44500.0,62073,BEL,48693.0,50.8957583,4.3339472,Brussels,King Baudouin Stadium,King Baudouin Stadium,King Baudouin Stadium,91.38890600291623
Yugoslavia,Slovenia,YUG,SVN,2000,2000-06-13,2000-06-13T18:45:00Z,Group C,GROUP_STANDINGS,18500.0,62080,BEL,13750.0,50.4147222,4.4536778,Charleroi,Stade du Pays de Charleroi,Stade du Pays de Charleroi,Stade du Pays de Charleroi,134.54545454545453
Spain,Norway,ESP,NOR,2000,2000-06-13,2000-06-13T16:00:00Z,Group C,GROUP_STANDINGS,41000.0,52851,NED,48100.0,51.8939056,4.5232,Rotterdam,Stadion Feijenoord 'De Kuip',Stadion Feijenoord 'De Kuip',Stadion Feijenoord,85.23908523908524
Portugal,England,POR,ENG,2000,2000-06-12,2000-06-12T18:45:00Z,Group A,GROUP_STANDINGS,31500.0,52853,NED,35000.0,51.4416444,5.4673028,Eindhoven,PSV Stadion,PSV Stadion,PSV Stadion,90.0
Germany,Romania,GER,ROU,2000,2000-06-12,2000-06-12T16:00:00Z,Group A,GROUP_STANDINGS,28500.0,62076,BEL,27221.0,50.6099583,5.5432667,Liege,Stade Maurice Dufrasne,Stade Maurice Dufrasne,Stade Maurice Dufrasne,104.69857830351567
Netherlands,Czechia,NED,CZE,2000,2000-06-11,2000-06-11T18:45:00Z,Group D,GROUP_STANDINGS,50800.0,62417,NED,53338.0,52.314172,4.94185,Amsterdam,Johan Cruijff ArenA,Johan Cruijff ArenA,Johan Cruijff ArenA,95.24166635419401
France,Denmark,FRA,DEN,2000,2000-06-11,2000-06-11T16:00:00Z,Group D,GROUP_STANDINGS,28100.0,63387,BEL,28300.0,51.1933556,3.1806222,Bruges,Jan Breydelstadion,Jan Breydelstadion,Jan Breydelstadion,99.29328621908127
Türkiye,Italy,TUR,ITA,2000,2000-06-11,2000-06-11T12:30:00Z,Group B,GROUP_STANDINGS,22500.0,67772,NED,21248.0,51.9629083,5.8927861,Arnhem,GelreDome,GelreDome,GelreDome,105.89231927710843
Belgium,Sweden,BEL,SWE,2000,2000-06-10,2000-06-10T18:45:00Z,Group B,GROUP_STANDINGS,46700.0,62073,BEL,48693.0,50.8957583,4.3339472,Brussels,King Baudouin Stadium,King Baudouin Stadium,King Baudouin Stadium,95.90700922103792
Portugal,France,POR,FRA,2016,2016-07-10,2016-07-10T19:00:00Z,,FINAL,75868.0,70584,FRA,81286.0,48.9245472,2.3600667,Saint-Denis,Stade de France,Stade de France,Stade de France,93.3346455724233
Germany,France,GER,FRA,2016,2016-07-07,2016-07-07T19:00:00Z,,SEMIFINAL,64078.0,62337,FRA,66534.0,43.26983,5.396,Marseille,Stade de Marseille,Stade de Marseille,Stade de Marseille,96.30865422190158
Portugal,Wales,POR,WAL,2016,2016-07-06,2016-07-06T19:00:00Z,,SEMIFINAL,55679.0,250002940,FRA,58921.0,45.765,4.982,Lyon,OL Stadium,OL Stadium,OL Stadium,94.49771728246296
France,Iceland,FRA,ISL,2016,2016-07-03,2016-07-03T19:00:00Z,,QUARTER_FINALS,76833.0,70584,FRA,81286.0,48.9245472,2.3600667,Saint-Denis,Stade de France,Stade de France,Stade de France,94.52181187412346
Germany,Italy,GER,ITA,2016,2016-07-02,2016-07-02T19:00:00Z,,QUARTER_FINALS,38764.0,250002702,FRA,41774.0,44.89925,-0.56579,Bordeaux,Stade de Bordeaux,Stade de Bordeaux,Stade de Bordeaux,92.79456121032221
Wales,Belgium,WAL,BEL,2016,2016-07-01,2016-07-01T19:00:00Z,,QUARTER_FINALS,45936.0,250001580,FRA,49966.0,50.611911,3.130503,Lille Métropole,Stade Pierre Mauroy,Stade Pierre Mauroy,Stade Pierre Mauroy,91.93451547051995
Poland,Portugal,POL,POR,2016,2016-06-30,2016-06-30T19:00:00Z,,QUARTER_FINALS,62940.0,62337,FRA,66534.0,43.26983,5.396,Marseille,Stade de Marseille,Stade de Marseille,Stade de Marseille,94.59825051853188
England,Iceland,ENG,ISL,2016,2016-06-27,2016-06-27T19:00:00Z,,ROUND_OF_16,33901.0,250002059,FRA,32784.0,43.705,7.1926,Nice,Grand Stade de Nice,Grand Stade de Nice,Grand Stade de Nice,103.40714982918497
Italy,Spain,ITA,ESP,2016,2016-06-27,2016-06-27T16:00:00Z,,ROUND_OF_16,76165.0,70584,FRA,81286.0,48.9245472,2.3600667,Saint-Denis,Stade de France,Stade de France,Stade de France,93.70002214403465
Hungary,Belgium,HUN,BEL,2016,2016-06-26,2016-06-26T19:00:00Z,,ROUND_OF_16,28921.0,63215,FRA,31556.0,43.583261,1.434,Toulouse,Stadium de Toulouse,Stadium de Toulouse,Stadium de Toulouse,91.64976549626061
Germany,Slovakia,GER,SVK,2016,2016-06-26,2016-06-26T16:00:00Z,,ROUND_OF_16,44312.0,250001580,FRA,49966.0,50.611911,3.130503,Lille Métropole,Stade Pierre Mauroy,Stade Pierre Mauroy,Stade Pierre Mauroy,88.68430532762278
France,Republic of Ireland,FRA,IRL,2016,2016-06-26,2016-06-26T13:00:00Z,,ROUND_OF_16,56279.0,250002940,FRA,58921.0,45.765,4.982,Lyon,OL Stadium,OL Stadium,OL Stadium,95.5160299383921
Croatia,Portugal,CRO,POR,2016,2016-06-25,2016-06-25T19:00:00Z,,ROUND_OF_16,33523.0,63207,FRA,38223.0,50.4328336,2.815,Lens Agglo,Stade Bollaert-Delelis,Stade Bollaert-Delelis,Stade Bollaert-Delelis,87.7037385867148
Wales,Northern Ireland,WAL,NIR,2016,2016-06-25,2016-06-25T16:00:00Z,,ROUND_OF_16,44342.0,57779,FRA,47926.0,48.8414333,2.2530333,Paris,Parc des Princes,Parc des Princes,Parc des Princes,92.52180444852482
Switzerland,Poland,SUI,POL,2016,2016-06-25,2016-06-25T13:00:00Z,,ROUND_OF_16,38842.0,63194,FRA,42000.0,45.4608556,4.390125,Saint-Etienne,Stade Geoffroy Guichard,Stade Geoffroy Guichard,Stade Geoffroy Guichard,92.48095238095239
Sweden,Belgium,SWE,BEL,2016,2016-06-22,2016-06-22T19:00:00Z,Group E,GROUP_STANDINGS,34011.0,250002059,FRA,32784.0,43.705,7.1926,Nice,Grand Stade de Nice,Grand Stade de Nice,Grand Stade de Nice,103.74267935578332
Italy,Republic of Ireland,ITA,IRL,2016,2016-06-22,2016-06-22T19:00:00Z,Group E,GROUP_STANDINGS,44268.0,250001580,FRA,49966.0,50.611911,3.130503,Lille Métropole,Stade Pierre Mauroy,Stade Pierre Mauroy,Stade Pierre Mauroy,88.5962454469039
Hungary,Portugal,HUN,POR,2016,2016-06-22,2016-06-22T16:00:00Z,Group F,GROUP_STANDINGS,55514.0,250002940,FRA,58921.0,45.765,4.982,Lyon,OL Stadium,OL Stadium,OL Stadium,94.21768130208244
Iceland,Austria,ISL,AUT,2016,2016-06-22,2016-06-22T16:00:00Z,Group F,GROUP_STANDINGS,68714.0,70584,FRA,81286.0,48.9245472,2.3600667,Saint-Denis,Stade de France,Stade de France,Stade de France,84.53362202593311
Croatia,Spain,CRO,ESP,2016,2016-06-21,2016-06-21T19:00:00Z,Group D,GROUP_STANDINGS,37245.0,250002702,FRA,41774.0,44.89925,-0.56579,Bordeaux,Stade de Bordeaux,Stade de Bordeaux,Stade de Bordeaux,89.15832814669412
Czechia,Türkiye,CZE,TUR,2016,2016-06-21,2016-06-21T19:00:00Z,Group D,GROUP_STANDINGS,32836.0,63207,FRA,38223.0,50.4328336,2.815,Lens Agglo,Stade Bollaert-Delelis,Stade Bollaert-Delelis,Stade Bollaert-Delelis,85.90639143970907
Northern Ireland,Germany,NIR,GER,2016,2016-06-21,2016-06-21T16:00:00Z,Group C,GROUP_STANDINGS,44125.0,57779,FRA,47926.0,48.8414333,2.2530333,Paris,Parc des Princes,Parc des Princes,Parc des Princes,92.06902307724408
Ukraine,Poland,UKR,POL,2016,2016-06-21,2016-06-21T16:00:00Z,Group C,GROUP_STANDINGS,58874.0,62337,FRA,66534.0,43.26983,5.396,Marseille,Stade de Marseille,Stade de Marseille,Stade de Marseille,88.48708930772237
Slovakia,England,SVK,ENG,2016,2016-06-20,2016-06-20T19:00:00Z,Group B,GROUP_STANDINGS,39051.0,63194,FRA,42000.0,45.4608556,4.390125,Saint-Etienne,Stade Geoffroy Guichard,Stade Geoffroy Guichard,Stade Geoffroy Guichard,92.97857142857143
Russia,Wales,RUS,WAL,2016,2016-06-20,2016-06-20T19:00:00Z,Group B,GROUP_STANDINGS,28840.0,63215,FRA,31556.0,43.583261,1.434,Toulouse,Stadium de Toulouse,Stadium de Toulouse,Stadium de Toulouse,91.39307897071872
Switzerland,France,SUI,FRA,2016,2016-06-19,2016-06-19T19:00:00Z,Group A,GROUP_STANDINGS,45616.0,250001580,FRA,49966.0,50.611911,3.130503,Lille Métropole,Stade Pierre Mauroy,Stade Pierre Mauroy,Stade Pierre Mauroy,91.29407997438258
Romania,Albania,ROU,ALB,2016,2016-06-19,2016-06-19T19:00:00Z,Group A,GROUP_STANDINGS,49752.0,250002940,FRA,58921.0,45.765,4.982,Lyon,OL Stadium,OL Stadium,OL Stadium,84.43848542964308
Portugal,Austria,POR,AUT,2016,2016-06-18,2016-06-18T19:00:00Z,Group F,GROUP_STANDINGS,44291.0,57779,FRA,47926.0,48.8414333,2.2530333,Paris,Parc des Princes,Parc des Princes,Parc des Princes,92.41539039352334
Iceland,Hungary,ISL,HUN,2016,2016-06-18,2016-06-18T16:00:00Z,Group F,GROUP_STANDINGS,60842.0,62337,FRA,66534.0,43.26983,5.396,Marseille,Stade de Marseille,Stade de Marseille,Stade de Marseille,91.44497550124748
Belgium,Republic of Ireland,BEL,IRL,2016,2016-06-18,2016-06-18T13:00:00Z,Group E,GROUP_STANDINGS,39493.0,250002702,FRA,41774.0,44.89925,-0.56579,Bordeaux,Stade de Bordeaux,Stade de Bordeaux,Stade de Bordeaux,94.5396658208455
Spain,Türkiye,ESP,TUR,2016,2016-06-17,2016-06-17T19:00:00Z,Group D,GROUP_STANDINGS,33409.0,250002059,FRA,32784.0,43.705,7.1926,Nice,Grand Stade de Nice,Grand Stade de Nice,Grand Stade de Nice,101.9064177647633
Czechia,Croatia,CZE,CRO,2016,2016-06-17,2016-06-17T16:00:00Z,Group D,GROUP_STANDINGS,38376.0,63194,FRA,42000.0,45.4608556,4.390125,Saint-Etienne,Stade Geoffroy Guichard,Stade Geoffroy Guichard,Stade Geoffroy Guichard,91.37142857142857
Italy,Sweden,ITA,SWE,2016,2016-06-17,2016-06-17T13:00:00Z,Group E,GROUP_STANDINGS,29600.0,63215,FRA,31556.0,43.583261,1.434,Toulouse,Stadium de Toulouse,Stadium de Toulouse,Stadium de Toulouse,93.80149575358094
Germany,Poland,GER,POL,2016,2016-06-16,2016-06-16T19:00:00Z,Group C,GROUP_STANDINGS,73648.0,70584,FRA,81286.0,48.9245472,2.3600667,Saint-Denis,Stade de France,Stade de France,Stade de France,90.60354796643949
Ukraine,Northern Ireland,UKR,NIR,2016,2016-06-16,2016-06-16T16:00:00Z,Group C,GROUP_STANDINGS,51043.0,250002940,FRA,58921.0,45.765,4.982,Lyon,OL Stadium,OL Stadium,OL Stadium,86.62955482765058
England,Wales,ENG,WAL,2016,2016-06-16,2016-06-16T13:00:00Z,Group B,GROUP_STANDINGS,34033.0,63207,FRA,38223.0,50.4328336,2.815,Lens Agglo,Stade Bollaert-Delelis,Stade Bollaert-Delelis,Stade Bollaert-Delelis,89.03801376134788
France,Albania,FRA,ALB,2016,2016-06-15,2016-06-15T19:00:00Z,Group A,GROUP_STANDINGS,63670.0,62337,FRA,66534.0,43.26983,5.396,Marseille,Stade de Marseille,Stade de Marseille,Stade de Marseille,95.69543391348783
Romania,Switzerland,ROU,SUI,2016,2016-06-15,2016-06-15T16:00:00Z,Group A,GROUP_STANDINGS,43576.0,57779,FRA,47926.0,48.8414333,2.2530333,Paris,Parc des Princes,Parc des Princes,Parc des Princes,90.92350707340483
Russia,Slovakia,RUS,SVK,2016,2016-06-15,2016-06-15T13:00:00Z,Group B,GROUP_STANDINGS,38989.0,250001580,FRA,49966.0,50.611911,3.130503,Lille Métropole,Stade Pierre Mauroy,Stade Pierre Mauroy,Stade Pierre Mauroy,78.03106112156266
Portugal,Iceland,POR,ISL,2016,2016-06-14,2016-06-14T19:00:00Z,Group F,GROUP_STANDINGS,38742.0,63194,FRA,42000.0,45.4608556,4.390125,Saint-Etienne,Stade Geoffroy Guichard,Stade Geoffroy Guichard,Stade Geoffroy Guichard,92.24285714285713
Austria,Hungary,AUT,HUN,2016,2016-06-14,2016-06-14T16:00:00Z,Group F,GROUP_STANDINGS,34424.0,250002702,FRA,41774.0,44.89925,-0.56579,Bordeaux,Stade de Bordeaux,Stade de Bordeaux,Stade de Bordeaux,82.40532388567051
Belgium,Italy,BEL,ITA,2016,2016-06-13,2016-06-13T19:00:00Z,Group E,GROUP_STANDINGS,55408.0,250002940,FRA,58921.0,45.765,4.982,Lyon,OL Stadium,OL Stadium,OL Stadium,94.03777939953497
Republic of Ireland,Sweden,IRL,SWE,2016,2016-06-13,2016-06-13T16:00:00Z,Group E,GROUP_STANDINGS,73419.0,70584,FRA,81286.0,48.9245472,2.3600667,Saint-Denis,Stade de France,Stade de France,Stade de France,90.32182663681323
Spain,Czechia,ESP,CZE,2016,2016-06-13,2016-06-13T13:00:00Z,Group D,GROUP_STANDINGS,29400.0,63215,FRA,31556.0,43.583261,1.434,Toulouse,Stadium de Toulouse,Stadium de Toulouse,Stadium de Toulouse,93.16770186335404
Germany,Ukraine,GER,UKR,2016,2016-06-12,2016-06-12T19:00:00Z,Group C,GROUP_STANDINGS,43035.0,250001580,FRA,49966.0,50.611911,3.130503,Lille Métropole,Stade Pierre Mauroy,Stade Pierre Mauroy,Stade Pierre Mauroy,86.12856742584958
Poland,Northern Ireland,POL,NIR,2016,2016-06-12,2016-06-12T16:00:00Z,Group C,GROUP_STANDINGS,33742.0,250002059,FRA,32784.0,43.705,7.1926,Nice,Grand Stade de Nice,Grand Stade de Nice,Grand Stade de Nice,102.92215714982918
Türkiye,Croatia,TUR,CRO,2016,2016-06-12,2016-06-12T13:00:00Z,Group D,GROUP_STANDINGS,43842.0,57779,FRA,47926.0,48.8414333,2.2530333,Paris,Parc des Princes,Parc des Princes,Parc des Princes,91.47852939949088
England,Russia,ENG,RUS,2016,2016-06-11,2016-06-11T19:00:00Z,Group B,GROUP_STANDINGS,62343.0,62337,FRA,66534.0,43.26983,5.396,Marseille,Stade de Marseille,Stade de Marseille,Stade de Marseille,93.70096492019118
Wales,Slovakia,WAL,SVK,2016,2016-06-11,2016-06-11T16:00:00Z,Group B,GROUP_STANDINGS,37831.0,250002702,FRA,41774.0,44.89925,-0.56579,Bordeaux,Stade de Bordeaux,Stade de Bordeaux,Stade de Bordeaux,90.5611145688706
Albania,Switzerland,ALB,SUI,2016,2016-06-11,2016-06-11T13:00:00Z,Group A,GROUP_STANDINGS,33805.0,63207,FRA,38223.0,50.4328336,2.815,Lens Agglo,Stade Bollaert-Delelis,Stade Bollaert-Delelis,Stade Bollaert-Delelis,88.4415142715119
France,Romania,FRA,ROU,2016,2016-06-10,2016-06-10T19:00:00Z,Group A,GROUP_STANDINGS,75113.0,70584,FRA,81286.0,48.9245472,2.3600667,Saint-Denis,Stade de France,Stade de France,Stade de France,92.40582634155943
Spain,Italy,ESP,ITA,2012,2012-07-01,2012-07-01T18:45:00Z,,FINAL,63170.0,250001449,UKR,68000.0,50.433439,30.522114,Kyiv,NSC Olimpiyskiy,NSC Olimpiyskiy,NSC Olimpiyskiy,92.8970588235294
Germany,Italy,GER,ITA,2012,2012-06-28,2012-06-28T18:45:00Z,,SEMIFINAL,55540.0,250001178,POL,58274.0,52.239406,21.045881,Warsaw,Stadion Narodowy,Stadion Narodowy,Stadion Narodowy,95.30837080001373
Portugal,Spain,POR,ESP,2012,2012-06-27,2012-06-27T18:45:00Z,,SEMIFINAL,48000.0,250000431,UKR,52667.0,47.9947056,37.7857889,Donetsk,Donbass Arena,Donbass Arena,Donbas Arena,91.13866367934381
England,Italy,ENG,ITA,2012,2012-06-24,2012-06-24T18:45:00Z,,QUARTER_FINALS,64340.0,250001449,UKR,68000.0,50.433439,30.522114,Kyiv,NSC Olimpiyskiy,NSC Olimpiyskiy,NSC Olimpiyskiy,94.61764705882352
Spain,France,ESP,FRA,2012,2012-06-23,2012-06-23T18:45:00Z,,QUARTER_FINALS,47000.0,250000431,UKR,52667.0,47.9947056,37.7857889,Donetsk,Donbass Arena,Donbass Arena,Donbas Arena,89.23994151935747
Germany,Greece,GER,GRE,2012,2012-06-22,2012-06-22T18:45:00Z,,QUARTER_FINALS,38751.0,250001177,POL,41524.0,54.39,18.640278,Gdansk,Gdansk Stadium,Gdansk Stadium,Gdansk Stadium,93.32193430305365
Czechia,Portugal,CZE,POR,2012,2012-06-21,2012-06-21T18:45:00Z,,QUARTER_FINALS,55590.0,250001178,POL,58274.0,52.239406,21.045881,Warsaw,Stadion Narodowy,Stadion Narodowy,Stadion Narodowy,95.39417235817002
Sweden,France,SWE,FRA,2012,2012-06-19,2012-06-19T18:45:00Z,Group D,GROUP_STANDINGS,63010.0,250001449,UKR,68000.0,50.433439,30.522114,Kyiv,NSC Olimpiyskiy,NSC Olimpiyskiy,NSC Olimpiyskiy,92.66176470588235
England,Ukraine,ENG,UKR,2012,2012-06-19,2012-06-19T18:45:00Z,Group D,GROUP_STANDINGS,48700.0,250000431,UKR,52667.0,47.9947056,37.7857889,Donetsk,Donbass Arena,Donbass Arena,Donbas Arena,92.46776919133424
Italy,Republic of Ireland,ITA,IRL,2012,2012-06-18,2012-06-18T18:45:00Z,Group C,GROUP_STANDINGS,38794.0,63539,POL,41609.0,52.3976861,16.8582806,Poznań,Poznań Stadium,Poznań Stadium,Stadion Poznań,93.23463673724434
Croatia,Spain,CRO,ESP,2012,2012-06-18,2012-06-18T18:45:00Z,Group C,GROUP_STANDINGS,39076.0,250001177,POL,41524.0,54.39,18.640278,Gdansk,Gdansk Stadium,Gdansk Stadium,Gdansk Stadium,94.10461419901743
Denmark,Germany,DEN,GER,2012,2012-06-17,2012-06-17T18:45:00Z,Group B,GROUP_STANDINGS,32990.0,250001180,UKR,34725.0,49.775278,24.027778,Lviv,Arena Lviv,Arena Lviv,Arena Lviv,95.00359971202303
Portugal,Netherlands,POR,NED,2012,2012-06-17,2012-06-17T18:45:00Z,Group B,GROUP_STANDINGS,37445.0,66282,UKR,39946.0,49.9808444,36.2614833,Kharkiv,OSC Metalist,OSC Metalist,OSC Metalist,93.73904771441445
Greece,Russia,GRE,RUS,2012,2012-06-16,2012-06-16T18:45:00Z,Group A,GROUP_STANDINGS,55614.0,250001178,POL,58274.0,52.239406,21.045881,Warsaw,Stadion Narodowy,Stadion Narodowy,Stadion Narodowy,95.43535710608505
Czechia,Poland,CZE,POL,2012,2012-06-16,2012-06-16T18:45:00Z,Group A,GROUP_STANDINGS,41000.0,250001179,POL,41837.0,51.143056,16.942222,Wroclaw,Stadion Miejski we Wrocławiu,Stadion Miejski we Wrocławiu,Stadion Miejski we Wrocławiu,97.99937854052632
Sweden,England,SWE,ENG,2012,2012-06-15,2012-06-15T18:45:00Z,Group D,GROUP_STANDINGS,64640.0,250001449,UKR,68000.0,50.433439,30.522114,Kyiv,NSC Olimpiyskiy,NSC Olimpiyskiy,NSC Olimpiyskiy,95.05882352941177
Ukraine,France,UKR,FRA,2012,2012-06-15,2012-06-15T16:00:00Z,Group D,GROUP_STANDINGS,48000.0,250000431,UKR,52667.0,47.9947056,37.7857889,Donetsk,Donbass Arena,Donbass Arena,Donbas Arena,91.13866367934381
Spain,Republic of Ireland,ESP,IRL,2012,2012-06-14,2012-06-14T18:45:00Z,Group C,GROUP_STANDINGS,39150.0,250001177,POL,41524.0,54.39,18.640278,Gdansk,Gdansk Stadium,Gdansk Stadium,Gdansk Stadium,94.2828243907138
Italy,Croatia,ITA,CRO,2012,2012-06-14,2012-06-14T16:00:00Z,Group C,GROUP_STANDINGS,37096.0,63539,POL,41609.0,52.3976861,16.8582806,Poznań,Poznań Stadium,Poznań Stadium,Stadion Poznań,89.15378884375976
Netherlands,Germany,NED,GER,2012,2012-06-13,2012-06-13T18:45:00Z,Group B,GROUP_STANDINGS,37750.0,66282,UKR,39946.0,49.9808444,36.2614833,Kharkiv,OSC Metalist,OSC Metalist,OSC Metalist,94.50257848094928
Denmark,Portugal,DEN,POR,2012,2012-06-13,2012-06-13T16:00:00Z,Group B,GROUP_STANDINGS,31840.0,250001180,UKR,34725.0,49.775278,24.027778,Lviv,Arena Lviv,Arena Lviv,Arena Lviv,91.69186465082794
Poland,Russia,POL,RUS,2012,2012-06-12,2012-06-12T18:45:00Z,Group A,GROUP_STANDINGS,55920.0,250001178,POL,58274.0,52.239406,21.045881,Warsaw,Stadion Narodowy,Stadion Narodowy,Stadion Narodowy,95.96046264200157
Greece,Czechia,GRE,CZE,2012,2012-06-12,2012-06-12T16:00:00Z,Group A,GROUP_STANDINGS,41105.0,250001179,POL,41837.0,51.143056,16.942222,Wroclaw,Stadion Miejski we Wrocławiu,Stadion Miejski we Wrocławiu,Stadion Miejski we Wrocławiu,98.25035255873988
Ukraine,Sweden,UKR,SWE,2012,2012-06-11,2012-06-11T18:45:00Z,Group D,GROUP_STANDINGS,64290.0,250001449,UKR,68000.0,50.433439,30.522114,Kyiv,NSC Olimpiyskiy,NSC Olimpiyskiy,NSC Olimpiyskiy,94.54411764705883
France,England,FRA,ENG,2012,2012-06-11,2012-06-11T16:00:00Z,Group D,GROUP_STANDINGS,47400.0,250000431,UKR,52667.0,47.9947056,37.7857889,Donetsk,Donbass Arena,Donbass Arena,Donbas Arena,89.999430383352
Republic of Ireland,Croatia,IRL,CRO,2012,2012-06-10,2012-06-10T18:45:00Z,Group C,GROUP_STANDINGS,39550.0,63539,POL,41609.0,52.3976861,16.8582806,Poznań,Poznań Stadium,Poznań Stadium,Stadion Poznań,95.05155134706433
Spain,Italy,ESP,ITA,2012,2012-06-10,2012-06-10T16:00:00Z,Group C,GROUP_STANDINGS,38869.0,250001177,POL,41524.0,54.39,18.640278,Gdansk,Gdansk Stadium,Gdansk Stadium,Gdansk Stadium,93.60610731143436
Germany,Portugal,GER,POR,2012,2012-06-09,2012-06-09T18:45:00Z,Group B,GROUP_STANDINGS,32990.0,250001180,UKR,34725.0,49.775278,24.027778,Lviv,Arena Lviv,Arena Lviv,Arena Lviv,95.00359971202303
Netherlands,Denmark,NED,DEN,2012,2012-06-09,2012-06-09T16:00:00Z,Group B,GROUP_STANDINGS,35923.0,66282,UKR,39946.0,49.9808444,36.2614833,Kharkiv,OSC Metalist,OSC Metalist,OSC Metalist,89.92890402042758
Russia,Czechia,RUS,CZE,2012,2012-06-08,2012-06-08T18:45:00Z,Group A,GROUP_STANDINGS,41000.0,250001179,POL,41837.0,51.143056,16.942222,Wroclaw,Stadion Miejski we Wrocławiu,Stadion Miejski we Wrocławiu,Stadion Miejski we Wrocławiu,97.99937854052632
Poland,Greece,POL,GRE,2012,2012-06-08,2012-06-08T16:00:00Z,Group A,GROUP_STANDINGS,56070.0,250001178,POL,58274.0,52.239406,21.045881,Warsaw,Stadion Narodowy,Stadion Narodowy,Stadion Narodowy,96.21786731647046
Portugal,Greece,POR,GRE,2004,2004-07-04,2004-07-04T18:45:00Z,,FINAL,62865.0,85265,POR,64274.0,38.751488,-9.188022,Lisbon,Estádio do SL Benfica,Estádio do SL Benfica,Estádio do SL Benfica,97.80782275881383
Greece,Czechia,GRE,CZE,2004,2004-07-01,2004-07-01T18:45:00Z,,SEMIFINAL,42449.0,85429,POR,50033.0,41.1617944,-8.5836861,Porto,Estádio do Dragão,Estádio do Dragão,Estádio do Dragão,84.84200427717707
Portugal,Netherlands,POR,NED,2004,2004-06-30,2004-06-30T18:45:00Z,,SEMIFINAL,46679.0,83168,POR,50061.0,38.76184,-9.164213,Lisbon,Estádio José Alvalade,Estádio José Alvalade,Estádio José Alvalade,93.24424202472983
Czechia,Denmark,CZE,DEN,2004,2004-06-27,2004-06-27T18:45:00Z,,QUARTER_FINALS,41092.0,85429,POR,50033.0,41.1617944,-8.5836861,Porto,Estádio do Dragão,Estádio do Dragão,Estádio do Dragão,82.12979433573841
Sweden,Netherlands,SWE,NED,2004,2004-06-26,2004-06-26T18:45:00Z,,QUARTER_FINALS,27762.0,83174,POR,21329.0,37.0882972,-7.9747528,Faro-Loulé,Estádio Algarve,Estádio Algarve,Estádio Algarve,130.16081391532654
France,Greece,FRA,GRE,2004,2004-06-25,2004-06-25T18:45:00Z,,QUARTER_FINALS,45390.0,83168,POR,50061.0,38.76184,-9.164213,Lisbon,Estádio José Alvalade,Estádio José Alvalade,Estádio José Alvalade,90.66938335231018
Portugal,England,POR,ENG,2004,2004-06-24,2004-06-24T18:45:00Z,,QUARTER_FINALS,62564.0,85265,POR,64274.0,38.751488,-9.188022,Lisbon,Estádio do SL Benfica,Estádio do SL Benfica,Estádio do SL Benfica,97.33951520054765
Germany,Czechia,GER,CZE,2004,2004-06-23,2004-06-23T18:45:00Z,Group D,GROUP_STANDINGS,46849.0,83168,POR,50061.0,38.76184,-9.164213,Lisbon,Estádio José Alvalade,Estádio José Alvalade,Estádio José Alvalade,93.58382773016919
Netherlands,Latvia,NED,LVA,2004,2004-06-23,2004-06-23T18:45:00Z,Group D,GROUP_STANDINGS,27904.0,85534,POR,30286.0,41.5625056,-8.4297861,Braga,Estádio Municipal de Braga,Estádio Municipal de Braga,Estádio Municipal de Braga,92.13497985868058
Denmark,Sweden,DEN,SWE,2004,2004-06-22,2004-06-22T18:45:00Z,Group C,GROUP_STANDINGS,26115.0,63244,POR,26324.0,41.1622667,-8.6424694,Porto,Estádio do Bessa XXI,Estádio do Bessa XXI,Estádio do Bessa XXI,99.2060477131135
Italy,Bulgaria,ITA,BUL,2004,2004-06-22,2004-06-22T18:45:00Z,Group C,GROUP_STANDINGS,16002.0,53487,POR,29098.0,41.4458917,-8.3012,Guimaraes,Estádio D. Afonso Henriques,Estádio D. Afonso Henriques,Estádio D. Afonso Henriques,54.99347034160424
Croatia,England,CRO,ENG,2004,2004-06-21,2004-06-21T18:45:00Z,Group B,GROUP_STANDINGS,57047.0,85265,POR,64274.0,38.751488,-9.188022,Lisbon,Estádio do SL Benfica,Estádio do SL Benfica,Estádio do SL Benfica,88.75595108441982
Switzerland,France,SUI,FRA,2004,2004-06-21,2004-06-21T18:45:00Z,Group B,GROUP_STANDINGS,28111.0,83175,POR,29622.0,40.2033778,-8.4076611,Coimbra,Estádio Cidade de Coimbra,Estádio Cidade de Coimbra,Estádio Cidade de Coimbra,94.8990615083384
Russia,Greece,RUS,GRE,2004,2004-06-20,2004-06-20T18:45:00Z,Group A,GROUP_STANDINGS,24347.0,83174,POR,21329.0,37.0882972,-7.9747528,Faro-Loulé,Estádio Algarve,Estádio Algarve,Estádio Algarve,114.14974916779971
Spain,Portugal,ESP,POR,2004,2004-06-20,2004-06-20T18:45:00Z,Group A,GROUP_STANDINGS,47491.0,83168,POR,50061.0,38.76184,-9.164213,Lisbon,Estádio José Alvalade,Estádio José Alvalade,Estádio José Alvalade,94.86626315894608
Netherlands,Czechia,NED,CZE,2004,2004-06-19,2004-06-19T18:45:00Z,Group D,GROUP_STANDINGS,29935.0,85535,POR,31040.0,40.6478389,-8.5939,Aveiro,Estádio Municipal de Aveiro,Estádio Municipal de Aveiro,Estádio Municipal de Aveiro,96.44007731958763
Latvia,Germany,LVA,GER,2004,2004-06-19,2004-06-19T16:00:00Z,Group D,GROUP_STANDINGS,22344.0,63244,POR,26324.0,41.1622667,-8.6424694,Porto,Estádio do Bessa XXI,Estádio do Bessa XXI,Estádio do Bessa XXI,84.88071721622855
Italy,Sweden,ITA,SWE,2004,2004-06-18,2004-06-18T18:45:00Z,Group C,GROUP_STANDINGS,44926.0,85429,POR,50033.0,41.1617944,-8.5836861,Porto,Estádio do Dragão,Estádio do Dragão,Estádio do Dragão,89.79273679371614
Bulgaria,Denmark,BUL,DEN,2004,2004-06-18,2004-06-18T16:00:00Z,Group C,GROUP_STANDINGS,24131.0,85534,POR,30286.0,41.5625056,-8.4297861,Braga,Estádio Municipal de Braga,Estádio Municipal de Braga,Estádio Municipal de Braga,79.67707851812719
Croatia,France,CRO,FRA,2004,2004-06-17,2004-06-17T18:45:00Z,Group B,GROUP_STANDINGS,29160.0,63257,POR,22857.0,39.7487917,-8.81305,Leiria,Estádio Dr. Magalhães Pessoa,Estádio Dr. Magalhães Pessoa,Estádio Dr. Magalhães Pessoa,127.57579734873343
England,Switzerland,ENG,SUI,2004,2004-06-17,2004-06-17T16:00:00Z,Group B,GROUP_STANDINGS,28214.0,83175,POR,29622.0,40.2033778,-8.4076611,Coimbra,Estádio Cidade de Coimbra,Estádio Cidade de Coimbra,Estádio Cidade de Coimbra,95.24677604483155
Russia,Portugal,RUS,POR,2004,2004-06-16,2004-06-16T18:45:00Z,Group A,GROUP_STANDINGS,59273.0,85265,POR,64274.0,38.751488,-9.188022,Lisbon,Estádio do SL Benfica,Estádio do SL Benfica,Estádio do SL Benfica,92.2192488408999
Greece,Spain,GRE,ESP,2004,2004-06-16,2004-06-16T16:00:00Z,Group A,GROUP_STANDINGS,25444.0,63244,POR,26324.0,41.1622667,-8.6424694,Porto,Estádio do Bessa XXI,Estádio do Bessa XXI,Estádio do Bessa XXI,96.6570430025832
Germany,Netherlands,GER,NED,2004,2004-06-15,2004-06-15T18:45:00Z,Group D,GROUP_STANDINGS,48197.0,85429,POR,50033.0,41.1617944,-8.5836861,Porto,Estádio do Dragão,Estádio do Dragão,Estádio do Dragão,96.33042192153178
Czechia,Latvia,CZE,LVA,2004,2004-06-15,2004-06-15T16:00:00Z,Group D,GROUP_STANDINGS,21744.0,85535,POR,31040.0,40.6478389,-8.5939,Aveiro,Estádio Municipal de Aveiro,Estádio Municipal de Aveiro,Estádio Municipal de Aveiro,70.05154639175257
Sweden,Bulgaria,SWE,BUL,2004,2004-06-14,2004-06-14T18:45:00Z,Group C,GROUP_STANDINGS,31652.0,83168,POR,50061.0,38.76184,-9.164213,Lisbon,Estádio José Alvalade,Estádio José Alvalade,Estádio José Alvalade,63.22686322686323
Denmark,Italy,DEN,ITA,2004,2004-06-14,2004-06-14T16:00:00Z,Group C,GROUP_STANDINGS,19595.0,53487,POR,29098.0,41.4458917,-8.3012,Guimaraes,Estádio D. Afonso Henriques,Estádio D. Afonso Henriques,Estádio D. Afonso Henriques,67.34139803422916
France,England,FRA,ENG,2004,2004-06-13,2004-06-13T18:45:00Z,Group B,GROUP_STANDINGS,62487.0,85265,POR,64274.0,38.751488,-9.188022,Lisbon,Estádio do SL Benfica,Estádio do SL Benfica,Estádio do SL Benfica,97.21971559261911
Switzerland,Croatia,SUI,CRO,2004,2004-06-13,2004-06-13T16:00:00Z,Group B,GROUP_STANDINGS,24090.0,63257,POR,22857.0,39.7487917,-8.81305,Leiria,Estádio Dr. Magalhães Pessoa,Estádio Dr. Magalhães Pessoa,Estádio Dr. Magalhães Pessoa,105.39440871505448
Spain,Russia,ESP,RUS,2004,2004-06-12,2004-06-12T18:45:00Z,Group A,GROUP_STANDINGS,28182.0,83174,POR,21329.0,37.0882972,-7.9747528,Faro-Loulé,Estádio Algarve,Estádio Algarve,Estádio Algarve,132.12996389891697
Portugal,Greece,POR,GRE,2004,2004-06-12,2004-06-12T16:00:00Z,Group A,GROUP_STANDINGS,48761.0,85429,POR,50033.0,41.1617944,-8.5836861,Porto,Estádio do Dragão,Estádio do Dragão,Estádio do Dragão,97.45767793256451
West Germany,USSR,FRG,URS,1972,1972-06-18,1972-06-18T15:00:00Z,,FINAL,43066.0,62073,BEL,48693.0,50.8957583,4.3339472,Brussels,King Baudouin Stadium,King Baudouin Stadium,King Baudouin Stadium,88.44392417801326
Hungary,Belgium,HUN,BEL,1972,1972-06-17,1972-06-17T19:00:00Z,,THIRD_PLAY_OFF,6184.0,62076,BEL,27221.0,50.6099583,5.5432667,Liege,Stade Maurice Dufrasne,Stade Maurice Dufrasne,Stade Maurice Dufrasne,22.71775467469968
Belgium,West Germany,BEL,FRG,1972,1972-06-14,1972-06-14T19:00:00Z,,SEMIFINAL,55601.0,62074,BEL,14385.0,51.2324861,4.4718861,Deurne,Bosuil,Bosuil,Bosuil,386.5206812652068
Hungary,USSR,HUN,URS,1972,1972-06-14,1972-06-14T19:00:00Z,,SEMIFINAL,1659.0,63395,BEL,20144.0,50.8342306,4.298375,Brussels,RSC Anderlecht Stadium,RSC Anderlecht Stadium,Anderlecht Stadium,8.23570293884035
Spain,USSR,ESP,URS,1964,1964-06-21,1964-06-21T17:30:00Z,,FINAL,79115.0,62401,ESP,76806.0,40.4530778,-3.6885194,Madrid,Estadio Santiago Bernabéu,Estadio Santiago Bernabéu,Estadio Santiago Bernabéu,103.00627555138921
Hungary,Denmark,HUN,DEN,1964,1964-06-20,1964-06-20T19:00:00Z,,THIRD_PLAY_OFF,3869.0,57776,ESP,94408.0,41.3808417,2.1227583,Barcelona,Camp Nou,Camp Nou,Camp Nou,4.098169646640115
Denmark,USSR,DEN,URS,1964,1964-06-17,1964-06-17T21:30:00Z,,SEMIFINAL,38556.0,57776,ESP,94408.0,41.3808417,2.1227583,Barcelona,Camp Nou,Camp Nou,Camp Nou,40.83975934242861
Spain,Hungary,ESP,HUN,1964,1964-06-17,1964-06-17T19:00:00Z,,SEMIFINAL,34713.0,62401,ESP,76806.0,40.4530778,-3.6885194,Madrid,Estadio Santiago Bernabéu,Estadio Santiago Bernabéu,Estadio Santiago Bernabéu,45.19568783688774
USSR,Yugoslavia,URS,YUG,1960,1960-07-10,1960-07-10T20:30:00Z,,FINAL,17966.0,57779,FRA,47926.0,48.8414333,2.2530333,Paris,Parc des Princes,Parc des Princes,Parc des Princes,37.48695906188708
Czechoslovakia,France,TCH,FRA,1960,1960-07-09,1960-07-09T20:30:00Z,,THIRD_PLAY_OFF,9438.0,62337,FRA,66534.0,43.26983,5.396,Marseille,Stade de Marseille,Stade de Marseille,Stade de Marseille,14.1852286049238
Czechoslovakia,USSR,TCH,URS,1960,1960-07-06,1960-07-06T20:30:00Z,,SEMIFINAL,25184.0,62337,FRA,66534.0,43.26983,5.396,Marseille,Stade de Marseille,Stade de Marseille,Stade de Marseille,37.851324135028705
France,Yugoslavia,FRA,YUG,1960,1960-07-06,1960-07-06T19:00:00Z,,SEMIFINAL,26370.0,57779,FRA,47926.0,48.8414333,2.2530333,Paris,Parc des Princes,Parc des Princes,Parc des Princes,55.022326086049326
USSR,Netherlands,URS,NED,1988,1988-06-25,1988-06-25T13:30:00Z,,FINAL,62770.0,52848,GER,60252.0,48.173125,11.5466,Munich,Olympiastadion,Olympiastadion,Olympiastadion,104.17911438624444
USSR,Italy,URS,ITA,1988,1988-06-22,1988-06-22T18:15:00Z,,SEMIFINAL,61606.0,53101,GER,54697.0,48.7922694,9.2320083,Stuttgart,Arena Stuttgart,Arena Stuttgart,Stuttgart Arena,112.63140574437355
West Germany,Netherlands,FRG,NED,1988,1988-06-21,1988-06-21T18:15:00Z,,SEMIFINAL,56115.0,85689,GER,0.0,53.5871778,9.8985944,Hamburg,Volksparkstadion,Volksparkstadion,Volksparkstadion,inf
Republic of Ireland,Netherlands,IRL,NED,1988,1988-06-18,1988-06-18T13:30:00Z,Group 2,GROUP_STANDINGS,64731.0,53099,GER,49785.0,51.5591972,7.0666278,Gelsenkirchen,Parkstadion,Parkstadion,Parkstadion,130.02109068996685
England,USSR,ENG,URS,1988,1988-06-18,1988-06-18T13:30:00Z,Group 2,GROUP_STANDINGS,48335.0,53102,GER,30059.0,50.0685722,8.645425,Frankfurt am Main,Waldstadion (old),Waldstadion (old),Waldstadion (old),160.80042582920257
West Germany,Spain,FRG,ESP,1988,1988-06-17,1988-06-17T18:15:00Z,Group 1,GROUP_STANDINGS,63802.0,52848,GER,60252.0,48.173125,11.5466,Munich,Olympiastadion,Olympiastadion,Olympiastadion,105.89192060014605
Italy,Denmark,ITA,DEN,1988,1988-06-17,1988-06-17T18:15:00Z,Group 1,GROUP_STANDINGS,53951.0,52864,GER,45134.0,50.9335056,6.8749944,Cologne,Stadion Köln,Stadion Köln,Cologne Stadium,119.53516196215712
Republic of Ireland,USSR,IRL,URS,1988,1988-06-15,1988-06-15T18:15:00Z,Group 2,GROUP_STANDINGS,38308.0,52865,GER,45000.0,52.3600667,9.7311833,Hanover,Stadion Hannover,Stadion Hannover,Stadion Hannover,85.12888888888888
England,Netherlands,ENG,NED,1988,1988-06-15,1988-06-15T15:15:00Z,Group 2,GROUP_STANDINGS,63940.0,52867,GER,43500.0,51.0947389,6.8794639,Dusseldorf,Rheinstadion,Rheinstadion,Rheinstadion,146.98850574712642
Italy,Spain,ITA,ESP,1988,1988-06-14,1988-06-14T18:15:00Z,Group 1,GROUP_STANDINGS,47506.0,53102,GER,30059.0,50.0685722,8.645425,Frankfurt am Main,Waldstadion (old),Waldstadion (old),Waldstadion (old),158.04251638444393
West Germany,Denmark,FRG,DEN,1988,1988-06-14,1988-06-14T15:15:00Z,Group 1,GROUP_STANDINGS,64812.0,53099,GER,49785.0,51.5591972,7.0666278,Gelsenkirchen,Parkstadion,Parkstadion,Parkstadion,130.18379029828262
Netherlands,USSR,NED,URS,1988,1988-06-12,1988-06-12T18:15:00Z,Group 2,GROUP_STANDINGS,54336.0,52864,GER,45134.0,50.9335056,6.8749944,Cologne,Stadion Köln,Stadion Köln,Cologne Stadium,120.38817742721673
England,Republic of Ireland,ENG,IRL,1988,1988-06-12,1988-06-12T13:30:00Z,Group 2,GROUP_STANDINGS,51373.0,53101,GER,54697.0,48.7922694,9.2320083,Stuttgart,Arena Stuttgart,Arena Stuttgart,Stuttgart Arena,93.92288425324972
Denmark,Spain,DEN,ESP,1988,1988-06-11,1988-06-11T13:30:00Z,Group 1,GROUP_STANDINGS,55707.0,52865,GER,45000.0,52.3600667,9.7311833,Hanover,Stadion Hannover,Stadion Hannover,Stadion Hannover,123.79333333333334
West Germany,Italy,FRG,ITA,1988,1988-06-10,1988-06-10T18:15:00Z,Group 1,GROUP_STANDINGS,62552.0,52867,GER,43500.0,51.0947389,6.8794639,Dusseldorf,Rheinstadion,Rheinstadion,Rheinstadion,143.7977011494253
Czechoslovakia,West Germany,TCH,FRG,1976,1976-06-20,1976-06-20T19:15:00Z,,FINAL,30790.0,53479,SRB,49450.0,44.7832028,20.4649167,Belgrade,Stadion Rajko Mitić,Stadion Rajko Mitić,Stadion Rajko Mitić,62.26491405460061
Netherlands,Yugoslavia,NED,YUG,1976,1976-06-19,1976-06-19T19:15:00Z,,THIRD_PLAY_OFF,6766.0,62092,CRO,25074.0,45.8188722,16.0180528,Zagreb,Stadion Maksimir,Stadion Maksimir,Stadion Maksimir,26.984126984126984
Yugoslavia,West Germany,YUG,FRG,1976,1976-06-17,1976-06-17T19:15:00Z,,SEMIFINAL,50652.0,53479,SRB,49450.0,44.7832028,20.4649167,Belgrade,Stadion Rajko Mitić,Stadion Rajko Mitić,Stadion Rajko Mitić,102.43073811931245
Czechoslovakia,Netherlands,TCH,NED,1976,1976-06-16,1976-06-16T19:15:00Z,,SEMIFINAL,17879.0,62092,CRO,25074.0,45.8188722,16.0180528,Zagreb,Stadion Maksimir,Stadion Maksimir,Stadion Maksimir,71.3049373853394
